id,spans
q_69bc7bf5f94a22bfc88fab9d,"[[-1,-1],[0,36],[404,454],[38,230]]"
q_ed9cb29e26b3e1624b393e8f,"[[-1,-1],[-1,-1],[-1,-1],[690,730]]"
q_bf20e8ff8f8e3d7afdf1df57,"[[-1,-1],[-1,-1],[-1,-1],[-1,-1]]"
q_2b559a8ba8b69abd5faa4f9c,"[[-1,-1],[378,394],[-1,-1],[-1,-1]]"
q_cfe8822111f0acc081586d40,"[[-1,-1],[-1,-1],[-1,-1],[-1,-1]]"
q_7008081f64115a99111b3779,"[[-1,-1],[166,197],[560,571],[590,676]]"
q_403c6539854a467552050a14,"[[226,367],[226,367],[226,367],[425,452]]"
q_1b62f247d6b2a51e8c168328,"[[734,840],[734,840],[651,840],[651,840]]"
q_635d4550a7a572f3a4594007,"[[-1,-1],[-1,-1],[-1,-1],[523,549]]"
q_b201ab562806fbff79a8acd4,"[[-1,-1],[-1,-1],[-1,-1],[-1,-1]]"
q_235e973762d005d0e5459b40,"[[454,537],[-1,-1],[-1,-1],[598,682]]"
q_60f7a1caa42c3635b5a39ba9,"[[-1,-1],[-1,-1],[404,446],[-1,-1]]"
q_238a2f3e0545cead9e7eaabd,"[[-1,-1],[-1,-1],[0,62],[-1,-1]]"
q_4924d5612e02c2727850f51a,"[[450,472],[197,319],[-1,-1],[380,391]]"
q_7733094f010ec853633843d2,"[[68,72],[-1,-1],[184,203],[15,32]]"
q_40549cfcee8fff3d98fbfe03,"[[355,496],[-1,-1],[-1,-1],[-1,-1]]"
q_d78a71e929191b752f05a8f1,"[[12,71],[-1,-1],[73,193],[-1,-1]]"
q_a9fcab39acd1e34595e4929c,"[[-1,-1],[605,711],[-1,-1],[-1,-1]]"
q_25cd680b6fef866932bde748,"[[-1,-1],[-1,-1],[-1,-1],[-1,-1]]"
q_4e9007c070f3b9681be137aa,"[[-1,-1],[-1,-1],[-1,-1],[-1,-1]]"
q_381005efe63f51c308f95620,"[[-1,-1],[-1,-1],[-1,-1],[-1,-1]]"
q_7c528f741116e51132e1927e,"[[-1,-1],[281,321],[0,20],[0,20]]"
q_ae3039907d5e510e2e4601f5,"[[-1,-1],[-1,-1],[-1,-1],[-1,-1]]"
q_4002fd08e70684cf989c50e5,"[[-1,-1],[-1,-1],[-1,-1],[-1,-1]]"
q_a7dd95f4926a82f31e0d7314,"[[-1,-1],[295,514],[265,294],[0,238]]"
q_cbbbcfeba8c16a23ca2cbc98,"[[-1,-1],[-1,-1],[69,92],[28,67]]"
q_03cf460eabf1aba09c8c87c7,"[[-1,-1],[-1,-1],[-1,-1],[21,59]]"
q_50561c2f7c9eb0d125446f85,"[[-1,-1],[-1,-1],[-1,-1],[-1,-1]]"
q_3edcdca2f48c359271a59e00,"[[578,683],[629,683],[-1,-1],[-1,-1]]"
q_ed15c73f66bd790fa7363caa,"[[-1,-1],[-1,-1],[469,537],[-1,-1]]"
q_5826cf54adbe9aad476700b5,"[[28,66],[-1,-1],[199,225],[-1,-1]]"
q_d72e3e7680dc008a98882a72,"[[-1,-1],[242,253],[-1,-1],[41,58]]"
q_bd53ae8742186cc0ab06dd24,"[[-1,-1],[-1,-1],[-1,-1],[-1,-1]]"
q_cf0f6c24902fbfe11c06123b,"[[144,298],[56,99],[-1,-1],[594,617]]"
q_8526c4680e8a7dc7e98239df,"[[-1,-1],[118,171],[-1,-1],[-1,-1]]"
q_6bbeb6716bd61390c9ef13a3,"[[98,138],[735,789],[411,468],[-1,-1]]"
q_e0a14b3ea5f5480e78b1b314,"[[-1,-1],[-1,-1],[-1,-1],[-1,-1]]"
q_084343ae5599a47e4e6e9420,"[[273,308],[-1,-1],[-1,-1],[288,308]]"
q_f4c8c6f2dbb66b757d23d3b7,"[[19,80],[-1,-1],[99,178],[413,435]]"
q_cba1a315122ea378bd991e51,"[[275,292],[-1,-1],[-1,-1],[-1,-1]]"
q_5988cae9c6405dd00a7297c8,"[[-1,-1],[23,34],[14,21],[36,68]]"
q_48ce04dc027a1a2b419477dc,"[[677,766],[26,92],[103,186],[-1,-1]]"
q_73b0b38b140b1edfb46b9c4e,"[[-1,-1],[-1,-1],[-1,-1],[373,502]]"
q_bd57dd89603ec437ee93d642,"[[224,263],[364,375],[233,264],[18,29]]"
q_d0f8ae2eba2a4e9ab2af0865,"[[-1,-1],[-1,-1],[545,578],[-1,-1]]"
q_b8e167a43c0775e5de2c57da,"[[-1,-1],[-1,-1],[-1,-1],[-1,-1]]"
q_c3cb409af752e190a6d8180a,"[[125,162],[-1,-1],[-1,-1],[-1,-1]]"
q_508adffe7c230f60bde79a7d,"[[-1,-1],[-1,-1],[-1,-1],[-1,-1]]"
q_a6f72135be5a9bdc433eabdd,"[[158,166],[-1,-1],[-1,-1],[-1,-1]]"
q_02ff9c8665f12f7b5a9570b1,"[[-1,-1],[-1,-1],[-1,-1],[-1,-1]]"
q_d56f6b6e1163fbde07886f4f,"[[-1,-1],[78,192],[-1,-1],[-1,-1]]"
q_373dcd20e37fda74c6e8b8ce,"[[-1,-1],[-1,-1],[-1,-1],[-1,-1]]"
q_6939c005b2c6bb7cdabf0ba1,"[[229,314],[-1,-1],[658,751],[-1,-1]]"
q_ad26d91f0e0a06f224684102,"[[-1,-1],[106,131],[255,427],[-1,-1]]"
q_2d394ad376a098b969fa36b9,"[[-1,-1],[-1,-1],[44,159],[-1,-1]]"
q_9cda890a5399f7a6ff1495df,"[[-1,-1],[-1,-1],[-1,-1],[-1,-1]]"
q_6d9262cf3cefdf679e25201a,"[[0,12],[-1,-1],[-1,-1],[-1,-1]]"
q_e237ad558a4bf56cd0f7d08c,"[[-1,-1],[-1,-1],[-1,-1],[-1,-1]]"
q_475c060cbb6ca82b33d56fb3,"[[514,585],[622,648],[867,935],[-1,-1]]"
q_3bf55dd8e7d6a953d0eeed87,"[[251,384],[121,249],[-1,-1],[538,573]]"
q_cf815129baa49c4a5eb7bd58,"[[-1,-1],[-1,-1],[-1,-1],[-1,-1]]"
q_84e6ee2be1dc24620ca97c34,"[[383,498],[-1,-1],[-1,-1],[-1,-1]]"
q_226c7d92db40613e98c49185,"[[-1,-1],[-1,-1],[-1,-1],[-1,-1]]"
q_ed802fcc7d17f923655c61c0,"[[-1,-1],[-1,-1],[-1,-1],[-1,-1]]"
q_7e56088a03541da1e2216032,"[[-1,-1],[-1,-1],[-1,-1],[-1,-1]]"
q_0146c1585305a8401b4160e6,"[[-1,-1],[371,456],[70,154],[-1,-1]]"
q_9d832b9192784a99aea15d39,"[[-1,-1],[226,251],[-1,-1],[-1,-1]]"
q_41d3b8f7e1541aa0a259ac6f,"[[28,63],[324,509],[324,509],[461,509]]"
q_14a7d2c92c66a1a979ed8137,"[[-1,-1],[-1,-1],[41,110],[341,390]]"
q_86bb4d7647ea63c1d6b4d839,"[[425,465],[690,712],[-1,-1],[98,172]]"
q_564567be83b610ce0e04721b,"[[-1,-1],[-1,-1],[-1,-1],[8,24]]"
q_c4a6cf882a7a0f3ef29b44f4,"[[-1,-1],[-1,-1],[0,14],[-1,-1]]"
q_1b72be16543dc61193633f0a,"[[516,548],[-1,-1],[-1,-1],[-1,-1]]"
q_d8f92dba2b6d9323f49e4a22,"[[-1,-1],[-1,-1],[-1,-1],[-1,-1]]"
q_fb9517b4652a18c06b089872,"[[430,480],[266,298],[-1,-1],[-1,-1]]"
q_d1cf8a183a3d325db222e6b1,"[[-1,-1],[507,633],[-1,-1],[-1,-1]]"
q_e59ec83d81e4e9f44df03430,"[[-1,-1],[-1,-1],[-1,-1],[81,92]]"
q_00b2401c32821d1d9b48fcfb,"[[-1,-1],[-1,-1],[63,88],[63,88]]"
q_dbce64008ccc6744f69c03fe,"[[-1,-1],[-1,-1],[-1,-1],[-1,-1]]"
q_1aae3b8be3426e5ef11fe0c5,"[[139,267],[483,497],[-1,-1],[44,68]]"
q_525948d23ad1ed52e9d05138,"[[-1,-1],[-1,-1],[-1,-1],[182,214]]"
q_a5706d90c39dd85f2ab18496,"[[-1,-1],[-1,-1],[-1,-1],[-1,-1]]"
q_6e3486a6d6e12470642ccc77,"[[-1,-1],[-1,-1],[-1,-1],[-1,-1]]"
q_f81366cef39f3439d78df5b7,"[[-1,-1],[139,194],[-1,-1],[-1,-1]]"
q_e0b4ab0ba8f3971812254787,"[[-1,-1],[297,342],[-1,-1],[480,530]]"
q_0b24ded500dbd56dc252354d,"[[187,230],[99,158],[277,332],[-1,-1]]"
q_ca7052fe22b4c04247314a8a,"[[0,156],[22,156],[22,116],[-1,-1]]"
q_dce2eb72ec4a4797f4661859,"[[-1,-1],[-1,-1],[-1,-1],[-1,-1]]"
q_5203acb10c47a1b138855655,"[[161,172],[60,72],[-1,-1],[-1,-1]]"
q_62e089278373003cf225728d,"[[0,24],[-1,-1],[192,241],[264,305]]"
q_0042dcfb5a6d8b32db9063ba,"[[766,780],[1025,1038],[587,599],[750,761]]"
q_9681e1d9c07a4c45345a74d2,"[[-1,-1],[-1,-1],[225,472],[20,61]]"
q_d72685069919315a62d53944,"[[-1,-1],[495,546],[0,81],[-1,-1]]"
q_9fdec4c0aeb58b028f5750df,"[[-1,-1],[-1,-1],[-1,-1],[1055,1069]]"
q_88d92cdc9e89b167d632e693,"[[0,169],[-1,-1],[452,560],[0,54]]"
q_ec2724abe7cc7a7f83e077c2,"[[-1,-1],[-1,-1],[-1,-1],[-1,-1]]"
q_cc56d9953c1af55bcd8f212e,"[[122,178],[212,254],[0,177],[318,329]]"
q_743806b1feb85e9adb630ebb,"[[1,183],[325,357],[209,272],[295,306]]"
q_75f687eb760ff64e125f2455,"[[-1,-1],[-1,-1],[-1,-1],[606,633]]"
q_017ba81b24f39d22b0d2871f,"[[261,274],[-1,-1],[-1,-1],[385,534]]"
q_563d156aef5e5dd9cef2e630,"[[-1,-1],[-1,-1],[-1,-1],[-1,-1]]"
q_255571ec1cd4bfcce9c872f8,"[[-1,-1],[-1,-1],[-1,-1],[-1,-1]]"
q_574ebbdcaeae84aac44bb13d,"[[-1,-1],[36,192],[-1,-1],[139,150]]"
q_ed44c862735c9af0c9b8d01b,"[[-1,-1],[-1,-1],[-1,-1],[-1,-1]]"
q_f4ba6bfc5ded10b2f82726b5,"[[298,399],[-1,-1],[36,205],[539,620]]"
q_92a2e822646917cfa3886cc6,"[[-1,-1],[-1,-1],[-1,-1],[-1,-1]]"
q_951989ca7b343bfb939ad998,"[[-1,-1],[-1,-1],[-1,-1],[-1,-1]]"
q_f5644ea8bf0405afed4bfd45,"[[-1,-1],[-1,-1],[618,661],[0,106]]"
q_bcf7e432b5b17bf70bb016aa,"[[-1,-1],[-1,-1],[-1,-1],[-1,-1]]"
q_d1e54e6a9954e88f4bc714f4,"[[-1,-1],[-1,-1],[476,528],[88,114]]"
q_9e1b0f979fe83b2bb810cb3b,"[[-1,-1],[-1,-1],[640,752],[-1,-1]]"
q_96f96ecf3ccee05623c1368d,"[[864,876],[-1,-1],[648,753],[40,158]]"
q_d231bf1c8976caa0b3610193,"[[-1,-1],[141,164],[585,596],[-1,-1]]"
q_3731865f37b67d1b820715e6,"[[-1,-1],[-1,-1],[-1,-1],[-1,-1]]"
q_3a3d2ce0261721cab655585a,"[[-1,-1],[-1,-1],[304,327],[-1,-1]]"
q_6073aec30c0b56f43c3cb2f1,"[[-1,-1],[-1,-1],[-1,-1],[-1,-1]]"
q_3a69958a151ddb3dd14fd8d3,"[[227,250],[609,675],[-1,-1],[-1,-1]]"
q_2e0b4f746113a5f885ff470a,"[[110,148],[26,56],[77,109],[146,230]]"
q_97060718d9e35dd12b7caaf8,"[[623,641],[-1,-1],[-1,-1],[167,315]]"
q_991b83d70fdb151f28d942fc,"[[-1,-1],[26,53],[94,154],[38,64]]"
q_ba3f56869efc66973a3425e0,"[[152,175],[174,185],[-1,-1],[636,682]]"
q_ca30391f66017dcedef0d56f,"[[-1,-1],[63,174],[-1,-1],[-1,-1]]"
q_6476e3823602142b6cf7183a,"[[-1,-1],[241,265],[-1,-1],[0,100]]"
q_a3830a9402f2a1a1ba4e167d,"[[-1,-1],[-1,-1],[-1,-1],[280,291]]"
q_eb0849444d939d7021789af2,"[[-1,-1],[-1,-1],[-1,-1],[-1,-1]]"
q_d1b57208e97ec2c128d65fbd,"[[-1,-1],[-1,-1],[38,49],[-1,-1]]"
q_50423a86199679aef4c611fa,"[[-1,-1],[-1,-1],[-1,-1],[-1,-1]]"
q_4935922d1b4fe49ee1fca3a4,"[[91,113],[0,112],[207,230],[91,112]]"
q_1b28c786ce3519589fe9918e,"[[121,137],[521,532],[391,516],[562,573]]"
q_6a8dcb68a1204147d3a9980d,"[[81,126],[52,62],[18,50],[18,51]]"
q_9cbe2614738dd2add67ec7a0,"[[-1,-1],[-1,-1],[-1,-1],[-1,-1]]"
q_c6f8127af663bde0ea7f425e,"[[-1,-1],[51,94],[161,287],[-1,-1]]"
q_fa9f9e025a643151a2b44e04,"[[-1,-1],[-1,-1],[-1,-1],[-1,-1]]"
q_6caa8e94b96663fe667346bc,"[[-1,-1],[-1,-1],[-1,-1],[-1,-1]]"
q_fd1087e727cb31aad3a3b4f0,"[[-1,-1],[-1,-1],[171,187],[0,47]]"
q_2327b9ed1d7e5611cacbcf66,"[[-1,-1],[43,116],[-1,-1],[-1,-1]]"
q_edd43657834258d7d9052a6e,"[[432,463],[153,263],[43,151],[-1,-1]]"
q_cf91918939e8854db6bec093,"[[501,532],[17,60],[658,733],[179,238]]"
q_0ce133405b1e71e58ea30c7a,"[[-1,-1],[-1,-1],[-1,-1],[-1,-1]]"
q_52a27e2f5e4d6da74d9d980f,"[[-1,-1],[393,482],[0,98],[0,98]]"
q_1a73c272ac8d7ce81e770355,"[[-1,-1],[-1,-1],[-1,-1],[443,514]]"
q_96a5215204b5bea953c171dd,"[[-1,-1],[-1,-1],[440,454],[283,391]]"
q_115cc1c4962f8fbfa8fe9db4,"[[314,325],[0,173],[216,239],[-1,-1]]"
q_ccbb382dfee51e399fc700cc,"[[-1,-1],[-1,-1],[286,325],[-1,-1]]"
q_d9456574d744f0fe2daa38ec,"[[234,245],[101,167],[120,131],[-1,-1]]"
q_188a71f6659f4b42d6caff7e,"[[-1,-1],[-1,-1],[-1,-1],[-1,-1]]"
q_cd7182e035a4a10aabee6c54,"[[-1,-1],[176,235],[9,29],[-1,-1]]"
q_acfbe7413dfc4221d71ece21,"[[28,54],[-1,-1],[55,143],[-1,-1]]"
q_531c04877e42f5d01893e626,"[[-1,-1],[-1,-1],[-1,-1],[312,435]]"
q_f5e3d87e35c9a143c89a7820,"[[454,468],[-1,-1],[-1,-1],[160,184]]"
q_66f4d70ae7a17cd2d2ecfbfd,"[[-1,-1],[-1,-1],[-1,-1],[-1,-1]]"
q_b7e8dd3ad27c8b31f0d672ed,"[[16,89],[-1,-1],[90,101],[288,347]]"
q_896a34f49f1009e13785d394,"[[-1,-1],[-1,-1],[-1,-1],[-1,-1]]"
q_df4bc897b4549eb647bece97,"[[-1,-1],[-1,-1],[-1,-1],[-1,-1]]"
q_9bf3ede258856d2320c889f7,"[[472,484],[-1,-1],[-1,-1],[-1,-1]]"
q_22cef11e6e99d09d8553b6e0,"[[-1,-1],[-1,-1],[-1,-1],[210,230]]"
q_2063467063f3b9a8848b0adf,"[[164,283],[-1,-1],[-1,-1],[-1,-1]]"
q_369a1b44301a7f099d60ca3d,"[[583,687],[-1,-1],[207,340],[-1,-1]]"
q_5e5caa3b58484a82ed389dc4,"[[-1,-1],[-1,-1],[-1,-1],[-1,-1]]"
q_ec25de7b40423bc0102da092,"[[-1,-1],[505,545],[580,617],[-1,-1]]"
q_731d8d43f25484feb8bbeb4d,"[[690,808],[690,808],[690,808],[498,688]]"
q_5108db34a3c210dde73386f6,"[[-1,-1],[-1,-1],[-1,-1],[-1,-1]]"
q_e66784061f18022f1af2d4f3,"[[438,509],[-1,-1],[-1,-1],[39,98]]"
q_cad9b1c7797c0ceb4a3b0ab3,"[[-1,-1],[-1,-1],[-1,-1],[-1,-1]]"
q_c6b7bb1151ddb7f28b3521b6,"[[-1,-1],[-1,-1],[139,219],[-1,-1]]"
q_f4c52fffb1e7b0d3bcafe4a7,"[[-1,-1],[-1,-1],[-1,-1],[-1,-1]]"
q_6d8ee7edfc6741698e94e304,"[[-1,-1],[-1,-1],[-1,-1],[-1,-1]]"
q_33aacee8b12fcdf46372fbf2,"[[-1,-1],[-1,-1],[-1,-1],[-1,-1]]"
q_59f8b24f36960a505f887d71,"[[-1,-1],[490,552],[-1,-1],[612,639]]"
q_8362eb62ab907a1b8b39f990,"[[-1,-1],[-1,-1],[-1,-1],[-1,-1]]"
q_75d2dbb9e621cc7375510ce1,"[[-1,-1],[-1,-1],[-1,-1],[-1,-1]]"
q_3a4fc77ffae9bf865390ab17,"[[9,86],[-1,-1],[-1,-1],[-1,-1]]"
q_727fec0bf52320a3f358ea8b,"[[253,479],[283,542],[-1,-1],[0,60]]"
q_37845918c72230ef2c7452ac,"[[-1,-1],[0,79],[-1,-1],[220,302]]"
q_17a527e5f60de7b1ac644529,"[[-1,-1],[-1,-1],[-1,-1],[-1,-1]]"
q_6b398d6aec739940bd51de54,"[[171,184],[-1,-1],[0,156],[1145,1189]]"
q_3db9e255c42231ccb26a1ccf,"[[-1,-1],[-1,-1],[-1,-1],[-1,-1]]"
q_8530f7b2edfc3430f77cada1,"[[-1,-1],[-1,-1],[0,22],[-1,-1]]"
q_e6e3b12392103251a5638e2f,"[[-1,-1],[77,105],[-1,-1],[-1,-1]]"
q_e14ac0261c34c510a04e59a6,"[[18,71],[471,577],[-1,-1],[-1,-1]]"
q_4b976a38834ba448504e495b,"[[-1,-1],[-1,-1],[-1,-1],[-1,-1]]"
q_0acd5884eeeec477cc71b6ea,"[[-1,-1],[33,45],[-1,-1],[-1,-1]]"
q_a016975dcf6a7f6f7f64eb40,"[[-1,-1],[-1,-1],[-1,-1],[-1,-1]]"
q_ea5da9ed90b482edaae12876,"[[536,596],[52,108],[-1,-1],[-1,-1]]"
q_a305b6b4db782d1212377590,"[[-1,-1],[-1,-1],[-1,-1],[-1,-1]]"
q_7b8a447daa97a15c3e6bfb63,"[[-1,-1],[-1,-1],[-1,-1],[-1,-1]]"
q_93b64ec6611d2a864523f634,"[[-1,-1],[-1,-1],[-1,-1],[-1,-1]]"
q_0076a75f25840d2fb10573ab,"[[-1,-1],[-1,-1],[-1,-1],[-1,-1]]"
q_57a563076fb53918d96bb99a,"[[-1,-1],[-1,-1],[0,147],[-1,-1]]"
q_50327d95c136ce1780a2c338,"[[0,104],[11,29],[157,224],[-1,-1]]"
q_ebdf3ae7f389d4bdddd5a787,"[[78,89],[-1,-1],[0,11],[-1,-1]]"
q_15a2c902bf8dc9f7cba1fce5,"[[-1,-1],[-1,-1],[-1,-1],[-1,-1]]"
q_93638e35d46e755e3b86720e,"[[-1,-1],[-1,-1],[-1,-1],[-1,-1]]"
q_2d6c9208c6c904e8d9897cca,"[[506,514],[-1,-1],[204,212],[1563,1573]]"
q_baf57e07563635df1e5897d5,"[[-1,-1],[-1,-1],[324,454],[1,74]]"
q_952fc122ac8341cd0cec48e8,"[[-1,-1],[-1,-1],[219,259],[50,100]]"
q_393237e2f717285ef2ed195a,"[[36,136],[-1,-1],[36,136],[104,136]]"
q_b39e42af154f6fa10d113078,"[[-1,-1],[-1,-1],[-1,-1],[-1,-1]]"
q_f3811145126e3632e5348e9a,"[[-1,-1],[-1,-1],[-1,-1],[-1,-1]]"
q_7a1196a068fddf10d1e9ffe0,"[[-1,-1],[-1,-1],[-1,-1],[-1,-1]]"
q_d3187f1be42f32bf9173dcfc,"[[-1,-1],[382,535],[67,72],[-1,-1]]"
q_97b7a2b0829d59be7380b2e1,"[[142,160],[-1,-1],[101,113],[-1,-1]]"
q_25397b8df94cf4fc37fafaef,"[[251,327],[720,753],[56,102],[32,102]]"
q_30adee6c44c780390ab8edb8,"[[17,80],[-1,-1],[14,80],[-1,-1]]"
q_edd020e49b65490727bfdd16,"[[48,80],[-1,-1],[615,659],[-1,-1]]"
q_ffb5144db3c73761d210ea12,"[[77,89],[-1,-1],[53,89],[367,553]]"
q_327e6376a83f237cb69f61de,"[[-1,-1],[-1,-1],[-1,-1],[-1,-1]]"
q_7c97b3ad30fadf7be8c5c774,"[[480,502],[0,80],[200,272],[603,630]]"
q_914f20a93d0ccdee49b92d82,"[[731,761],[92,291],[-1,-1],[-1,-1]]"
q_2e840298f92d3c4e5d9c79f3,"[[292,370],[-1,-1],[779,799],[176,193]]"
q_892bf59ce9660e46c5922931,"[[36,50],[6,50],[-1,-1],[67,121]]"
q_c5b22f5cb573df2fc812d83a,"[[-1,-1],[-1,-1],[338,399],[21,86]]"
q_276fe7f330a676fb8c1dc715,"[[-1,-1],[-1,-1],[-1,-1],[-1,-1]]"
q_928f594adc015d3b00d21065,"[[-1,-1],[-1,-1],[64,91],[-1,-1]]"
q_85ea4afbeeb2b96758233536,"[[-1,-1],[-1,-1],[-1,-1],[-1,-1]]"
q_89179275b5a728a8506a5caa,"[[-1,-1],[-1,-1],[-1,-1],[-1,-1]]"
q_69da2753dcba43b6050e29d2,"[[-1,-1],[-1,-1],[-1,-1],[218,294]]"
q_19c12ae5525c45404038cf9c,"[[-1,-1],[-1,-1],[415,426],[-1,-1]]"
q_28a783c744c06b10c577aa63,"[[-1,-1],[565,614],[-1,-1],[-1,-1]]"
q_54cad80af33d1beaf6d4eae1,"[[-1,-1],[-1,-1],[-1,-1],[88,99]]"
q_179d4e54ccfe3605f7434cb4,"[[-1,-1],[0,125],[-1,-1],[-1,-1]]"
q_7d3e218abab36d69e5c581fa,"[[-1,-1],[-1,-1],[-1,-1],[-1,-1]]"
q_161b005c42a00dd150c8502c,"[[-1,-1],[-1,-1],[666,749],[-1,-1]]"
q_b077841e0ae3e74fa7035601,"[[-1,-1],[-1,-1],[-1,-1],[-1,-1]]"
q_97e24b48fe02eef28ea4bb38,"[[-1,-1],[-1,-1],[115,158],[-1,-1]]"
q_ed63057643639a269e51b698,"[[-1,-1],[-1,-1],[-1,-1],[-1,-1]]"
q_cc46f89745f6e1c43d8a68f9,"[[-1,-1],[-1,-1],[-1,-1],[-1,-1]]"
q_65c9361843db0ed1267d16e3,"[[284,364],[-1,-1],[-1,-1],[-1,-1]]"
q_35fd37e0f3b7d2c774bcab02,"[[-1,-1],[0,11],[347,443],[126,144]]"
q_41ad00c656bf2074a86a0711,"[[142,285],[37,75],[-1,-1],[311,382]]"
q_aedcda193162e8971edbf6fc,"[[-1,-1],[-1,-1],[-1,-1],[-1,-1]]"
q_d497dc982de360dad8f591ac,"[[273,371],[-1,-1],[9,59],[-1,-1]]"
q_2da1fcff71f73301c3cea8fa,"[[67,120],[206,284],[322,418],[-1,-1]]"
q_f596b67f0dd702363e816fe1,"[[-1,-1],[-1,-1],[0,154],[-1,-1]]"
q_52229511c8e038b50091b4b3,"[[-1,-1],[480,493],[674,690],[761,788]]"
q_589b30d836d5cac268d104de,"[[40,111],[24,111],[517,670],[-1,-1]]"
q_d11c4f11221df39288507140,"[[199,279],[-1,-1],[-1,-1],[-1,-1]]"
q_32656b482947c69a50d4618c,"[[222,250],[-1,-1],[-1,-1],[-1,-1]]"
q_54333614b65c180ab3c1686d,"[[317,337],[-1,-1],[116,136],[-1,-1]]"
q_56afe7835b2405f2bbf44b60,"[[-1,-1],[21,31],[21,31],[-1,-1]]"
q_9fd5c0c8707cf79c0b34fc0d,"[[-1,-1],[-1,-1],[-1,-1],[-1,-1]]"
q_85fe7a93a495d9eaa3c84d20,"[[-1,-1],[-1,-1],[-1,-1],[-1,-1]]"
q_e0328f1068209acb8d1bc3e8,"[[0,11],[-1,-1],[-1,-1],[301,316]]"
q_60e845e5dad8cbd6a782418f,"[[-1,-1],[-1,-1],[-1,-1],[-1,-1]]"
q_2a36537de886e7269290c6e5,"[[-1,-1],[-1,-1],[-1,-1],[245,282]]"
q_1ec74efc47524c951cce08b9,"[[169,180],[219,416],[321,344],[321,344]]"
q_c9dd211d85268342852e60ad,"[[309,320],[309,320],[-1,-1],[-1,-1]]"
q_021e000d8729ce8887882cb3,"[[486,506],[-1,-1],[217,256],[209,216]]"
q_a8da34d2e68974365e1cac45,"[[610,628],[257,397],[115,139],[-1,-1]]"
q_5a5af4d105500679c1c297f0,"[[-1,-1],[-1,-1],[-1,-1],[-1,-1]]"
q_9bfa931ffe2528257d50db8b,"[[-1,-1],[-1,-1],[455,575],[-1,-1]]"
q_095c87100ad95053274d0d58,"[[-1,-1],[-1,-1],[-1,-1],[-1,-1]]"
q_31452d868668a0b789435033,"[[650,689],[18,34],[18,51],[-1,-1]]"
q_96c005b3078dd4e524f5501c,"[[-1,-1],[66,162],[-1,-1],[321,407]]"
q_5b4819aed3e1c643f51b587a,"[[-1,-1],[1,56],[1034,1046],[-1,-1]]"
q_4b28e49359d3940b5ac4ed41,"[[-1,-1],[-1,-1],[-1,-1],[237,248]]"
q_e50cd95e7086b1c85058bdd2,"[[-1,-1],[-1,-1],[-1,-1],[-1,-1]]"
q_20ea5cfcafbba104a3e89e8e,"[[-1,-1],[-1,-1],[455,479],[21,40]]"
q_b0b70199c58ff953c119972e,"[[-1,-1],[210,251],[-1,-1],[97,180]]"
q_6fa403db56f582bad712fcb8,"[[102,134],[-1,-1],[-1,-1],[-1,-1]]"
q_13ec4b8bc2bdada04091f0c8,"[[-1,-1],[-1,-1],[-1,-1],[-1,-1]]"
q_1fb820da51dcadf6806fdaf6,"[[-1,-1],[1035,1106],[-1,-1],[-1,-1]]"
q_3f58039bd5bc2413dd54ea55,"[[-1,-1],[-1,-1],[-1,-1],[-1,-1]]"
q_cc23bf676407f6c48cb0706b,"[[46,80],[-1,-1],[-1,-1],[236,304]]"
q_040faac54d8e40e72c4bcdc9,"[[-1,-1],[44,111],[113,130],[580,597]]"
q_2c23bee4317b6854d4274a11,"[[336,345],[-1,-1],[97,273],[11,42]]"
q_82d13d74a0f3ff9e3d400ef8,"[[76,167],[16,75],[650,661],[-1,-1]]"
q_68e8f3782657248df5df7351,"[[-1,-1],[-1,-1],[-1,-1],[-1,-1]]"
q_f48f88a5da199a4c840fbc83,"[[424,458],[-1,-1],[-1,-1],[167,316]]"
q_92777f7cee3ba2a6deee5ab7,"[[-1,-1],[-1,-1],[-1,-1],[-1,-1]]"
q_6768be2be0f7e8f985d2d3b1,"[[-1,-1],[55,75],[-1,-1],[55,75]]"
q_fd160336985aa455f28749cf,"[[35,46],[-1,-1],[402,496],[-1,-1]]"
q_cf3bf6dedf2284fb8360beb5,"[[106,251],[253,371],[-1,-1],[-1,-1]]"
q_53f75572e4f2a4e39bda6c85,"[[-1,-1],[-1,-1],[-1,-1],[-1,-1]]"
q_a251807c6be015346283bad1,"[[-1,-1],[-1,-1],[-1,-1],[-1,-1]]"
q_226688bd8854bb60d0372bec,"[[44,93],[44,65],[-1,-1],[-1,-1]]"
q_0dec51f540fe5b28cc4ab6e8,"[[-1,-1],[-1,-1],[-1,-1],[-1,-1]]"
q_56d2613f422dd83cec7e29ab,"[[1197,1240],[-1,-1],[-1,-1],[-1,-1]]"
q_e3eb4348bd7cd102e493f0c4,"[[-1,-1],[551,596],[233,288],[-1,-1]]"
q_e9c14fa30d194ed0f09c53a5,"[[200,262],[235,263],[-1,-1],[-1,-1]]"
q_832fd48c58fad39d2a645677,"[[-1,-1],[-1,-1],[-1,-1],[335,348]]"
q_8679e912674c9a24a5b7230e,"[[38,284],[96,167],[393,410],[38,196]]"
q_caa99b01200ffaa97df75fbb,"[[38,99],[661,731],[-1,-1],[433,486]]"
q_ac3ddbb4701c6180f438b40f,"[[212,240],[-1,-1],[0,42],[-1,-1]]"
q_f440e5a870a7941bf93684b6,"[[-1,-1],[-1,-1],[-1,-1],[-1,-1]]"
q_c2dd14e5b815bb108422f706,"[[-1,-1],[884,896],[-1,-1],[-1,-1]]"
q_f883e652bdafe196e2ab95f1,"[[-1,-1],[349,367],[332,348],[-1,-1]]"
q_611b7e8219aab60cac8796d0,"[[-1,-1],[-1,-1],[27,57],[-1,-1]]"
q_c5e563fe6acbfc57a51c3a8d,"[[561,607],[-1,-1],[-1,-1],[-1,-1]]"
q_242583779ae11de1933ba23b,"[[-1,-1],[-1,-1],[-1,-1],[-1,-1]]"
q_5c70e392650c4d0bb7553a8f,"[[-1,-1],[-1,-1],[-1,-1],[-1,-1]]"
q_099149857cce00e7e87abf72,"[[77,98],[-1,-1],[-1,-1],[-1,-1]]"
q_ee88f7356ee0ce9e9cf30ef8,"[[-1,-1],[578,600],[-1,-1],[-1,-1]]"
q_52d99cdf8361873c03beaba8,"[[-1,-1],[-1,-1],[-1,-1],[-1,-1]]"
q_00671f4c54ca9e28f79469ea,"[[-1,-1],[-1,-1],[-1,-1],[-1,-1]]"
q_fa02501ef2eff73a6b5c4245,"[[173,333],[-1,-1],[128,145],[-1,-1]]"
q_e38ddb9255f246c937e87a34,"[[306,342],[-1,-1],[-1,-1],[51,86]]"
q_af5a65efa102d6980e47b47b,"[[-1,-1],[38,122],[500,547],[0,122]]"
q_d0f5e2a23845aaec9391dda5,"[[-1,-1],[1369,1382],[407,418],[635,646]]"
q_809693740a969c7e39da44ab,"[[-1,-1],[276,288],[276,288],[-1,-1]]"
q_3ea7fd728b6fde4313dec338,"[[170,247],[1208,1277],[400,510],[129,147]]"
q_bccdf35b0eb483315dacdbdb,"[[-1,-1],[-1,-1],[-1,-1],[39,52]]"
q_5488facb47906b9c2703367d,"[[640,656],[397,490],[159,221],[-1,-1]]"
q_229bb4bcd0cbd6a2bb300b0d,"[[570,642],[206,280],[282,384],[689,924]]"
q_b9f105e9d8c11d8ef04ac652,"[[-1,-1],[0,171],[326,652],[613,653]]"
q_daec9a9c34f9281afdd1f916,"[[0,11],[-1,-1],[-1,-1],[177,188]]"
q_b7509f5959e9d349b684662b,"[[518,580],[-1,-1],[-1,-1],[-1,-1]]"
q_48fe84b4d1a3111ccd13d968,"[[17,103],[105,256],[-1,-1],[-1,-1]]"
q_2fb273d4fd2184b85c330f09,"[[-1,-1],[505,537],[0,102],[-1,-1]]"
q_677c02601b6388f53a19dde5,"[[-1,-1],[-1,-1],[263,429],[152,261]]"
q_412a9b22f58050ebe2138b8b,"[[954,1015],[43,86],[-1,-1],[-1,-1]]"
q_fe2bb03a6b73db712fa9f078,"[[-1,-1],[-1,-1],[-1,-1],[-1,-1]]"
q_0153a45fb4b787668c396c86,"[[313,379],[799,905],[-1,-1],[-1,-1]]"
q_b5dd08f34a0b783086b12bc2,"[[374,420],[35,84],[-1,-1],[-1,-1]]"
q_da90b645b61684fb35b156ec,"[[511,529],[-1,-1],[-1,-1],[288,299]]"
q_0f0d79d00f6d344ffbcf9086,"[[272,314],[-1,-1],[359,406],[-1,-1]]"
q_31494895a289384af8a7c6d4,"[[-1,-1],[-1,-1],[-1,-1],[-1,-1]]"
q_25216ea7dc251274f6c80cb5,"[[-1,-1],[349,394],[405,465],[292,308]]"
q_94cd080d66f272a970b11b4d,"[[-1,-1],[-1,-1],[-1,-1],[6,18]]"
q_03420a044bcb7a61aa69d6e0,"[[237,319],[-1,-1],[-1,-1],[128,159]]"
q_4786a7ce107e570532162dd3,"[[-1,-1],[-1,-1],[120,131],[0,40]]"
q_7f2584bd803d93a93cd5ddf4,"[[-1,-1],[50,153],[37,48],[-1,-1]]"
q_64c9e8a8588588b3149f173d,"[[-1,-1],[-1,-1],[-1,-1],[-1,-1]]"
q_c7a6fb80e6b6cba0f9949038,"[[-1,-1],[-1,-1],[-1,-1],[-1,-1]]"
q_25a997da97c1f37f242f6362,"[[-1,-1],[-1,-1],[-1,-1],[-1,-1]]"
q_9820af217c5d9eb920c1ac56,"[[-1,-1],[31,74],[769,823],[-1,-1]]"
q_ebcec97c23ee6860c60b17ec,"[[-1,-1],[-1,-1],[-1,-1],[-1,-1]]"
q_d9062f5f1ec0a47c038b7f4a,"[[-1,-1],[-1,-1],[268,304],[-1,-1]]"
q_db31ee9da0561a066feb2417,"[[-1,-1],[-1,-1],[-1,-1],[139,182]]"
q_cde2e3fbc64a1f1dc486da41,"[[153,255],[-1,-1],[175,255],[-1,-1]]"
q_01264c705c107954b3e69c23,"[[199,221],[222,321],[-1,-1],[354,420]]"
q_3acf58f4f82f10120851fd40,"[[-1,-1],[46,57],[-1,-1],[113,152]]"
q_e6590adf21ebf63cd7b4705c,"[[-1,-1],[-1,-1],[482,514],[0,158]]"
q_efadd2040429e0840862fdb0,"[[-1,-1],[-1,-1],[-1,-1],[-1,-1]]"
q_5da259396f57038de6915ca1,"[[-1,-1],[745,783],[742,783],[742,783]]"
q_b4bfd765e756ce02eeaf1973,"[[-1,-1],[-1,-1],[-1,-1],[30,130]]"
q_bd23480fd0d8a42bccef5354,"[[-1,-1],[-1,-1],[974,1014],[-1,-1]]"
q_5d3ada4ca5cce491de3c90e5,"[[282,301],[-1,-1],[180,251],[28,77]]"
q_50afc934ab2bae46472ef320,"[[-1,-1],[-1,-1],[-1,-1],[241,292]]"
q_2508a8c9d8cc2603dab736d4,"[[-1,-1],[-1,-1],[311,325],[311,328]]"
q_4ab6bd3475ef1e97b9990dc2,"[[664,767],[1103,1115],[-1,-1],[-1,-1]]"
q_64f321bc7e5048ffd6bb72b2,"[[-1,-1],[1,74],[-1,-1],[-1,-1]]"
q_a900ef912c28af8bb6f887b4,"[[-1,-1],[-1,-1],[-1,-1],[-1,-1]]"
q_e0af12614fedd414b6f617a4,"[[-1,-1],[-1,-1],[-1,-1],[-1,-1]]"
q_a518bdceacdb5b2c05c63bcb,"[[250,352],[80,181],[-1,-1],[-1,-1]]"
q_b5f70448ee9b0e1ae35ec62d,"[[-1,-1],[-1,-1],[18,29],[-1,-1]]"
q_5fc4f16a8ab172a278c7a9fc,"[[380,466],[61,260],[-1,-1],[-1,-1]]"
q_527bfbb969a51fe779c47ed0,"[[-1,-1],[-1,-1],[-1,-1],[-1,-1]]"
q_57011848cad3501cbefb6793,"[[-1,-1],[-1,-1],[308,392],[133,245]]"
q_289a122f23f2120636e93dd5,"[[-1,-1],[-1,-1],[1511,1526],[187,201]]"
q_4c3e1ee01defefed3d144582,"[[-1,-1],[-1,-1],[747,838],[839,1005]]"
q_1d9526f7c502d7801bf6369e,"[[-1,-1],[-1,-1],[-1,-1],[-1,-1]]"
q_f2176b2ca61adbdbdbea41ef,"[[-1,-1],[252,317],[-1,-1],[-1,-1]]"
q_107e935b585afa1783418b0c,"[[0,83],[-1,-1],[-1,-1],[-1,-1]]"
q_7cd1b3754bb20dbaf3568800,"[[-1,-1],[-1,-1],[-1,-1],[-1,-1]]"
q_5dc2a253a218e5b1d02b721f,"[[-1,-1],[386,431],[656,691],[1172,1198]]"
q_46fa5cb145a2f53a6ef7e15d,"[[-1,-1],[-1,-1],[-1,-1],[-1,-1]]"
q_f0246fd831fccee85fc1dc8d,"[[-1,-1],[-1,-1],[-1,-1],[-1,-1]]"
q_875c3e202c5306114e98fdf2,"[[436,537],[461,537],[-1,-1],[241,358]]"
q_caa04f59e9e912dd7973d150,"[[35,173],[263,343],[175,234],[-1,-1]]"
q_87de3715b90dac0a8a2a0d90,"[[-1,-1],[36,92],[-1,-1],[0,14]]"
q_dcceed5c632b32cb1ad5348c,"[[-1,-1],[785,803],[-1,-1],[52,68]]"
q_76f7a58cf910f0872962abb7,"[[-1,-1],[-1,-1],[-1,-1],[121,199]]"
q_0deedb3f0e6c4284dece53ad,"[[-1,-1],[561,793],[548,561],[-1,-1]]"
q_6ae0adb815aeac9fc17a8261,"[[39,90],[320,389],[153,227],[600,636]]"
q_e4029d716c721bf608786c60,"[[-1,-1],[-1,-1],[-1,-1],[-1,-1]]"
q_e3ab232170c2e0476bed5f39,"[[-1,-1],[-1,-1],[-1,-1],[-1,-1]]"
q_aeef1735498727b56c0e083f,"[[609,674],[290,449],[-1,-1],[-1,-1]]"
q_21f9ac44b93f959080830a04,"[[37,43],[-1,-1],[37,86],[326,345]]"
q_dece204bbb3a2e23d5b54c51,"[[-1,-1],[391,411],[-1,-1],[-1,-1]]"
q_a0c1a2133469a65bbfc1522f,"[[-1,-1],[-1,-1],[-1,-1],[-1,-1]]"
q_bd5e189da8112cc394bfdd05,"[[513,527],[-1,-1],[407,418],[-1,-1]]"
q_e326a0cd80807603ea6620ed,"[[-1,-1],[-1,-1],[209,226],[-1,-1]]"
q_82baa2c5a708966f7541fec3,"[[-1,-1],[0,11],[241,284],[-1,-1]]"
q_5456b9db2fcdfa0751b6fc44,"[[678,754],[-1,-1],[-1,-1],[-1,-1]]"
q_3dbe066f4926e0c47dc77fe2,"[[-1,-1],[-1,-1],[-1,-1],[-1,-1]]"
q_e2e52a3a4ab67478e1f73f0e,"[[749,806],[194,265],[-1,-1],[122,133]]"
q_d13400c95078fd9ba20b7fc5,"[[-1,-1],[-1,-1],[169,198],[-1,-1]]"
q_460749d3198efbeb86669311,"[[-1,-1],[-1,-1],[-1,-1],[-1,-1]]"
q_079d23813fff53bd8882f3cf,"[[-1,-1],[0,135],[878,975],[-1,-1]]"
q_9bd08893ec135b5cce5604e5,"[[-1,-1],[-1,-1],[-1,-1],[-1,-1]]"
q_c2dc8e336c8cd5baee10d3f7,"[[31,116],[-1,-1],[36,116],[107,116]]"
q_05aa9955747fdbf3ddee0bf9,"[[-1,-1],[-1,-1],[-1,-1],[-1,-1]]"
q_2e7924ccd1d2ea87d5d33469,"[[-1,-1],[-1,-1],[-1,-1],[-1,-1]]"
q_1a737d17719f2a088cb0c2bf,"[[-1,-1],[-1,-1],[-1,-1],[-1,-1]]"
q_36877b6b02ca2eb5239e3fe4,"[[106,374],[-1,-1],[0,104],[376,504]]"
q_1bf838fe2ee43d07028c084e,"[[-1,-1],[32,52],[162,182],[-1,-1]]"
q_c184f5dbe75d306156803915,"[[477,489],[-1,-1],[222,332],[-1,-1]]"
q_ace134ebfd5e50538c2dd603,"[[-1,-1],[-1,-1],[-1,-1],[-1,-1]]"
q_d398990e41624926608ea2e2,"[[-1,-1],[-1,-1],[-1,-1],[-1,-1]]"
q_68f4770166a75f12a0e019a0,"[[-1,-1],[269,281],[-1,-1],[-1,-1]]"
q_a404fadf076f69b3c11b13c8,"[[-1,-1],[-1,-1],[277,328],[584,606]]"
q_e47e1fd5dc00e8d2a6660bed,"[[-1,-1],[-1,-1],[-1,-1],[-1,-1]]"
q_267c5ccb560aadb165b13d03,"[[553,589],[-1,-1],[313,340],[-1,-1]]"
q_2f57dc04f46fa4e4f04ed18a,"[[-1,-1],[-1,-1],[-1,-1],[-1,-1]]"
q_5ed932d744b58db4b120e48c,"[[-1,-1],[-1,-1],[-1,-1],[-1,-1]]"
q_84661d4eedae4e5883eb9b07,"[[-1,-1],[-1,-1],[0,11],[-1,-1]]"
q_28704bd15de118e8453ec47b,"[[230,299],[-1,-1],[-1,-1],[-1,-1]]"
q_ee31646c14f9563bbf957ed6,"[[-1,-1],[-1,-1],[-1,-1],[-1,-1]]"
q_30c11dd92b9d66b6247f86ff,"[[474,486],[54,75],[0,122],[-1,-1]]"
q_3ae90e19e018eaa449a550b0,"[[-1,-1],[97,314],[113,315],[-1,-1]]"
q_c976e8dab1eeeb66cb0a7109,"[[91,245],[130,158],[-1,-1],[20,90]]"
q_0aa1620b608ccb8f55f48d06,"[[-1,-1],[-1,-1],[-1,-1],[-1,-1]]"
q_cda254b00ec61c3dd51c6ef1,"[[-1,-1],[-1,-1],[-1,-1],[-1,-1]]"
q_0972fd2367bb8cf2b4657de9,"[[-1,-1],[-1,-1],[455,466],[479,511]]"
q_81b06289a29ef0107be62ee3,"[[-1,-1],[38,56],[-1,-1],[260,272]]"
q_39b825663878216ec6aa26bf,"[[-1,-1],[-1,-1],[-1,-1],[-1,-1]]"
q_0ddad4d817c4c503e5f7b23e,"[[0,81],[-1,-1],[173,314],[47,135]]"
q_1cb9357c6d4d29a4cf73e78c,"[[-1,-1],[467,478],[-1,-1],[-1,-1]]"
q_cd9352166d98c154e9391c3e,"[[110,213],[-1,-1],[263,344],[-1,-1]]"
q_ddffc2fe0c611651cfc207a2,"[[-1,-1],[0,50],[352,374],[-1,-1]]"
q_d018d295f7d4ab7f2758727a,"[[-1,-1],[328,339],[-1,-1],[-1,-1]]"
q_5c37278ddccf8aae041b7fb9,"[[-1,-1],[183,269],[453,601],[-1,-1]]"
q_0e2195a9396090725482acb4,"[[-1,-1],[-1,-1],[-1,-1],[-1,-1]]"
q_e1be971ea3418c859b5e0df3,"[[-1,-1],[205,277],[-1,-1],[103,118]]"
q_77a889a11c92f0d2f6d15cb7,"[[-1,-1],[-1,-1],[-1,-1],[-1,-1]]"
q_e7412da0f42ed5fef4c545c6,"[[-1,-1],[-1,-1],[-1,-1],[155,178]]"
q_60e4fc2d74150add4f746cb0,"[[-1,-1],[-1,-1],[-1,-1],[-1,-1]]"
q_7a7261fb36380d3bf1d0a5b8,"[[2,21],[-1,-1],[543,587],[-1,-1]]"
q_570a564a21c52184cb2d6c76,"[[0,29],[-1,-1],[-1,-1],[226,296]]"
q_346c026cafc21db288138a6f,"[[-1,-1],[-1,-1],[-1,-1],[-1,-1]]"
q_1df8a2c6b3f7757f65b66fe5,"[[0,11],[550,561],[616,666],[-1,-1]]"
q_229f3867a28529f022d3c5e4,"[[-1,-1],[-1,-1],[-1,-1],[457,520]]"
q_e83f54e43687dfb33183bf4d,"[[226,269],[-1,-1],[438,505],[1,180]]"
q_dffdfed1f52ad800debc6ff1,"[[-1,-1],[8,37],[-1,-1],[116,197]]"
q_ff83ffe4f0f4c483782f5e1e,"[[-1,-1],[-1,-1],[56,88],[-1,-1]]"
q_34b64d4f31e5f84dbdb27131,"[[-1,-1],[285,331],[363,406],[-1,-1]]"
q_b6a3409602e2f01f0aa1176c,"[[-1,-1],[664,738],[-1,-1],[86,247]]"
q_fe056edc94fcf731f6ffb752,"[[171,182],[17,30],[452,490],[17,63]]"
q_dbb2c811857ea22a7ea04c51,"[[-1,-1],[-1,-1],[-1,-1],[-1,-1]]"
q_4fbf96c1b2ab4cf283f48159,"[[-1,-1],[469,529],[164,213],[-1,-1]]"
q_4b6fca352f1c05ac53bd1474,"[[-1,-1],[377,386],[747,777],[-1,-1]]"
q_b6879a627152e11f2f934763,"[[-1,-1],[642,653],[-1,-1],[24,57]]"
q_9787fe687e26489f4029e934,"[[-1,-1],[-1,-1],[-1,-1],[-1,-1]]"
q_10ed7a8b4ade2b9c479b9b29,"[[-1,-1],[-1,-1],[-1,-1],[1,67]]"
q_b5e3c095825315085bf63fe6,"[[-1,-1],[-1,-1],[15,110],[-1,-1]]"
q_cc566ca931d89a34ac717fa9,"[[-1,-1],[-1,-1],[398,479],[-1,-1]]"
q_c1c954d259e26f4897875883,"[[-1,-1],[292,400],[463,475],[-1,-1]]"
q_b4887a688e075f4534825b4d,"[[173,286],[288,448],[173,286],[30,53]]"
q_17125de8e457ab1ff3fbf69c,"[[170,235],[-1,-1],[-1,-1],[-1,-1]]"
q_1c2b820eb57fc69bb8e1a336,"[[0,64],[106,221],[270,365],[13,64]]"
q_c6589de71894344480570deb,"[[-1,-1],[255,325],[-1,-1],[-1,-1]]"
q_17bd663af28e16d8295c5064,"[[0,113],[-1,-1],[-1,-1],[461,546]]"
q_0642d2fd2a91d8ed0a502519,"[[-1,-1],[-1,-1],[-1,-1],[-1,-1]]"
q_de645433a266f89d64eb5e0f,"[[-1,-1],[-1,-1],[-1,-1],[-1,-1]]"
q_4e5c38805bc800e8f401715a,"[[101,177],[101,177],[55,177],[101,177]]"
q_c36641e7473e7efcfdb2c983,"[[-1,-1],[-1,-1],[-1,-1],[-1,-1]]"
q_8ff532a8fb867f2b64a0ed29,"[[-1,-1],[311,388],[172,298],[632,789]]"
q_3853d4be81415ae6d20e5e32,"[[-1,-1],[-1,-1],[438,522],[341,436]]"
q_bc7df792508a8b1a480ea100,"[[-1,-1],[-1,-1],[-1,-1],[375,404]]"
q_0aa444d971f955e422a5638e,"[[-1,-1],[-1,-1],[661,746],[106,253]]"
q_51feda3792346dc7b942793a,"[[311,409],[227,297],[-1,-1],[0,70]]"
q_6d8988192aa01234915b32ce,"[[-1,-1],[-1,-1],[-1,-1],[-1,-1]]"
q_1e399142ac8fb3ce825b4578,"[[179,191],[47,58],[330,341],[172,200]]"
q_f01923a77250f0380fefe12a,"[[-1,-1],[0,20],[173,184],[-1,-1]]"
q_f5b80fe19e188409cdbac3c2,"[[-1,-1],[-1,-1],[-1,-1],[-1,-1]]"
q_72837ae6a7713bb97c1dbd32,"[[195,279],[-1,-1],[-1,-1],[-1,-1]]"
q_f131554fae51e3a4b4a26a60,"[[-1,-1],[1246,1262],[-1,-1],[-1,-1]]"
q_7648538e60f004003152316c,"[[-1,-1],[-1,-1],[0,93],[30,55]]"
q_a978d229c4cbf927c95fd18a,"[[24,110],[228,263],[112,210],[240,263]]"
q_4c21b1cbb9e77b1dbc9099d3,"[[-1,-1],[-1,-1],[139,161],[51,120]]"
q_0cae1e8998a5e7bdc9d3154a,"[[-1,-1],[-1,-1],[-1,-1],[-1,-1]]"
q_6c9d0dcb8c0cf39149d16fb0,"[[-1,-1],[-1,-1],[-1,-1],[-1,-1]]"
q_d5b3b98d64ddeebf07fa10f8,"[[161,208],[-1,-1],[-1,-1],[-1,-1]]"
q_d61603df0d4f687ed768bbd8,"[[421,449],[-1,-1],[76,235],[-1,-1]]"
q_ea143fd11dff5ee3a13de420,"[[-1,-1],[343,547],[-1,-1],[707,859]]"
q_e36b2685986f82227ef6d347,"[[-1,-1],[213,284],[-1,-1],[-1,-1]]"
q_f1ea9fd572f29aac321d9ab8,"[[-1,-1],[-1,-1],[-1,-1],[0,177]]"
q_60c765d1f09d45e35f5e83aa,"[[-1,-1],[232,280],[-1,-1],[-1,-1]]"
q_fd7f409ac31c52cf8afef7cd,"[[-1,-1],[-1,-1],[-1,-1],[-1,-1]]"
q_5dd1c3b50172e522a349df8a,"[[358,516],[-1,-1],[-1,-1],[563,705]]"
q_5ae770fbc03913e57811d458,"[[-1,-1],[-1,-1],[-1,-1],[-1,-1]]"
q_2729c771b50fac14c895f574,"[[-1,-1],[-1,-1],[-1,-1],[-1,-1]]"
q_854f2a71b1b25eb73d3c2107,"[[-1,-1],[-1,-1],[-1,-1],[105,123]]"
q_230e1a85a9ce74a5fb597803,"[[370,381],[-1,-1],[-1,-1],[33,49]]"
q_a34be1f2bd1c599c1f17dd50,"[[10,38],[174,289],[291,360],[573,627]]"
q_b92cb86574b25f5946de9ca9,"[[-1,-1],[-1,-1],[-1,-1],[-1,-1]]"
q_95b2e77a8dce886429840c78,"[[-1,-1],[-1,-1],[-1,-1],[-1,-1]]"
q_bd04f982513362852ccb51f0,"[[-1,-1],[-1,-1],[-1,-1],[-1,-1]]"
q_659b159a94271bf09a987fc5,"[[28,46],[-1,-1],[-1,-1],[28,46]]"
q_9f3f5def36e765edcc3da605,"[[-1,-1],[-1,-1],[-1,-1],[-1,-1]]"
q_08ef698eb07c238d27f4e54b,"[[-1,-1],[-1,-1],[-1,-1],[-1,-1]]"
q_53a330e39ca328bce14e3b31,"[[-1,-1],[-1,-1],[-1,-1],[-1,-1]]"
q_0ff6e537fdc3e13c47cf88f3,"[[2,125],[87,126],[-1,-1],[275,351]]"
q_b286ea9eb1d21cd0c5582e03,"[[-1,-1],[-1,-1],[619,692],[-1,-1]]"
q_0a540aa3493701f6e085cc91,"[[-1,-1],[-1,-1],[-1,-1],[412,504]]"
q_a71c9dafbd7e535cb05c6b5c,"[[-1,-1],[-1,-1],[-1,-1],[-1,-1]]"
q_e07b263fb02bfd037b1f304a,"[[0,153],[-1,-1],[0,11],[-1,-1]]"
q_1088e90d486ec6d64acbc65a,"[[-1,-1],[-1,-1],[-1,-1],[-1,-1]]"
q_2a8bfc4f36903acf6b3f2f7b,"[[-1,-1],[-1,-1],[-1,-1],[16,39]]"
q_62965dfac97f7b976b03161c,"[[-1,-1],[-1,-1],[-1,-1],[-1,-1]]"
q_497f04a137d002f51160e59b,"[[132,170],[511,596],[21,32],[-1,-1]]"
q_7a815bd9fb046a82cce13bed,"[[-1,-1],[162,201],[220,305],[-1,-1]]"
q_211b1bb21adfb33f1e52cb82,"[[86,184],[-1,-1],[-1,-1],[434,529]]"
q_c6884d598a81a486f8fd86f5,"[[-1,-1],[-1,-1],[16,73],[-1,-1]]"
q_5b8a0874837ce3e6c73686a5,"[[34,92],[34,92],[94,105],[-1,-1]]"
q_fd7f6bb830188ff485513c4a,"[[680,705],[-1,-1],[0,126],[292,410]]"
q_2947177e34813b4701768367,"[[61,97],[-1,-1],[-1,-1],[602,613]]"
q_6f8671c42263e9b77ab8b0aa,"[[113,126],[-1,-1],[-1,-1],[0,11]]"
q_955fcbfd63d70f06adf057b5,"[[228,255],[484,548],[0,191],[-1,-1]]"
q_6ef777386f131598cb48d9e4,"[[-1,-1],[-1,-1],[210,224],[-1,-1]]"
q_a36af7338c54a76a862acf6b,"[[38,153],[-1,-1],[-1,-1],[-1,-1]]"
q_c398e86ed43a9a11a21c7ba8,"[[773,784],[773,784],[-1,-1],[773,784]]"
q_aa56a7278c8f7ae64e9c4616,"[[94,119],[44,64],[974,1053],[974,1053]]"
q_c2acef1144e8ed79b2365320,"[[-1,-1],[-1,-1],[-1,-1],[-1,-1]]"
q_b3d9d894d8b2392e90a717ae,"[[287,375],[-1,-1],[121,202],[567,597]]"
q_3d1142822bd1193789d2caa7,"[[-1,-1],[506,662],[114,145],[-1,-1]]"
q_c4b7d203757c9015006a3d24,"[[-1,-1],[-1,-1],[89,220],[-1,-1]]"
q_a40d029dbf4a33eeac51ed1b,"[[-1,-1],[-1,-1],[575,597],[-1,-1]]"
q_e686e7fa2dc87e282c567511,"[[326,370],[-1,-1],[-1,-1],[-1,-1]]"
q_b72d0eaa2ef831559bf96bfc,"[[208,247],[-1,-1],[249,260],[-1,-1]]"
q_322437db411043bcc1a1a4ee,"[[118,153],[264,310],[-1,-1],[2,89]]"
q_3499f80a505e46e7f24581d3,"[[526,610],[336,363],[336,363],[36,94]]"
q_53501307080e8493b8e73c76,"[[450,461],[362,380],[486,497],[-1,-1]]"
q_103069bd11ee9fc1a6e49196,"[[285,302],[-1,-1],[-1,-1],[-1,-1]]"
q_905d54fc8d25d244150d0d4e,"[[-1,-1],[-1,-1],[-1,-1],[-1,-1]]"
q_93e21bc5dfc18417d96a8565,"[[21,108],[-1,-1],[-1,-1],[-1,-1]]"
q_3e97f9f138d72e961bb6c5bc,"[[327,394],[-1,-1],[-1,-1],[143,155]]"
q_b4d42719275ea723e4c3fc29,"[[-1,-1],[-1,-1],[-1,-1],[-1,-1]]"
q_eb3463700ffff273d27132de,"[[-1,-1],[-1,-1],[-1,-1],[-1,-1]]"
q_670250f0b3d3f9b579f85a39,"[[-1,-1],[-1,-1],[-1,-1],[-1,-1]]"
q_35721b9acd2ffe5c9aeaaf71,"[[439,482],[-1,-1],[-1,-1],[-1,-1]]"
q_2389f24c5df5b8139579a03c,"[[-1,-1],[-1,-1],[-1,-1],[-1,-1]]"
q_4896ab117d7abd0a3e50f0ae,"[[-1,-1],[-1,-1],[-1,-1],[-1,-1]]"
q_9ef83dd76b560b163fed0e90,"[[-1,-1],[-1,-1],[-1,-1],[-1,-1]]"
q_0449912081b434968fdba3a2,"[[-1,-1],[-1,-1],[-1,-1],[-1,-1]]"
q_9d5447e221739101d69dc460,"[[259,284],[-1,-1],[153,237],[202,238]]"
q_d170ecc9938beb8ef8dc7537,"[[-1,-1],[-1,-1],[-1,-1],[-1,-1]]"
q_0269d16b9caa3525994b89ff,"[[-1,-1],[1521,1529],[-1,-1],[-1,-1]]"
q_e776ed38c60990659af1a81f,"[[-1,-1],[-1,-1],[-1,-1],[-1,-1]]"
q_f71086fccea64c461c61461c,"[[342,402],[-1,-1],[-1,-1],[342,402]]"
q_a3a606770513414c320ccdd3,"[[-1,-1],[410,517],[137,192],[56,98]]"
q_934eec4022878fb987ad8b84,"[[-1,-1],[-1,-1],[-1,-1],[-1,-1]]"
q_f9b4cc47ecb16e04565051d3,"[[-1,-1],[-1,-1],[-1,-1],[-1,-1]]"
q_895bd2ccc4c7cc1314d58836,"[[-1,-1],[-1,-1],[-1,-1],[-1,-1]]"
q_e18cd8a8aeab996660d3c71e,"[[-1,-1],[-1,-1],[-1,-1],[-1,-1]]"
q_9e2fe64278e22220c541ba74,"[[350,379],[-1,-1],[-1,-1],[33,50]]"
q_2f070dd5db70e06d183b4151,"[[-1,-1],[-1,-1],[-1,-1],[-1,-1]]"
q_fea14b44ba2b2c1583c4fa66,"[[-1,-1],[-1,-1],[-1,-1],[-1,-1]]"
q_6401c31889c64464ea8fa1f5,"[[-1,-1],[-1,-1],[-1,-1],[-1,-1]]"
q_f357819331939762a0ba7c38,"[[63,95],[168,238],[-1,-1],[405,489]]"
q_9426aa7ea216dcc0a9c8a765,"[[-1,-1],[-1,-1],[389,411],[-1,-1]]"
q_e11a77f0f9555eee33c632ee,"[[37,48],[-1,-1],[-1,-1],[200,214]]"
q_0430f223c2bde0735bf3183d,"[[316,468],[51,92],[-1,-1],[-1,-1]]"
q_3940eff1059d2fea80b3c07f,"[[188,200],[-1,-1],[-1,-1],[143,171]]"
q_4c24ac7b9a5ae95239dfa7b1,"[[32,86],[-1,-1],[-1,-1],[408,521]]"
q_9a2596d25d084af0692cd2db,"[[16,27],[-1,-1],[-1,-1],[-1,-1]]"
q_f3bb86feba5c5bc188093c86,"[[348,590],[-1,-1],[214,226],[-1,-1]]"
q_ea0bdf2224a8a001a3398f73,"[[32,301],[0,301],[-1,-1],[-1,-1]]"
q_5b1b7bebd368f21f756afa4b,"[[46,57],[-1,-1],[-1,-1],[-1,-1]]"
q_7b51329708a589e1e921da8a,"[[75,97],[-1,-1],[-1,-1],[-1,-1]]"
q_57714a715e8bc158f28a549b,"[[-1,-1],[-1,-1],[-1,-1],[-1,-1]]"
q_4204555e8723e9f0341034bd,"[[-1,-1],[564,597],[-1,-1],[-1,-1]]"
q_da67408273f3fae999d3bef8,"[[-1,-1],[-1,-1],[0,57],[-1,-1]]"
q_4d7c399ac10e7aafeffe4e02,"[[-1,-1],[-1,-1],[-1,-1],[-1,-1]]"
q_84a457f74799e47bb0c0c836,"[[33,44],[-1,-1],[-1,-1],[-1,-1]]"
q_4250495a04b2f1626128ef9c,"[[0,52],[135,162],[-1,-1],[-1,-1]]"
q_a35c52cdf1768c40980027d6,"[[-1,-1],[-1,-1],[-1,-1],[-1,-1]]"
q_b78c4483fc15152dc00ab0a1,"[[470,526],[-1,-1],[-1,-1],[213,224]]"
q_bf7effcddc50c741eb80d322,"[[-1,-1],[-1,-1],[-1,-1],[-1,-1]]"
q_8fc774594bd13a5787fc50cf,"[[-1,-1],[-1,-1],[314,325],[215,256]]"
q_b3cc863f3a6249fe37fcc352,"[[-1,-1],[-1,-1],[-1,-1],[-1,-1]]"
q_074b8ea9067fd77d373ddcbf,"[[-1,-1],[-1,-1],[-1,-1],[264,324]]"
q_2d001c320b252c44b7498484,"[[-1,-1],[280,291],[220,274],[-1,-1]]"
q_2404344a29d1561c6efa78ce,"[[201,312],[352,384],[471,482],[-1,-1]]"
q_d0e07d64faffa4219ce6473d,"[[-1,-1],[602,672],[-1,-1],[19,92]]"
q_ba8eb5e0b56061b0af12f238,"[[-1,-1],[644,655],[-1,-1],[-1,-1]]"
q_26c450182b2ecfaba0370c1b,"[[-1,-1],[-1,-1],[-1,-1],[-1,-1]]"
q_3d66955012cd0fef6d9c5321,"[[-1,-1],[-1,-1],[-1,-1],[-1,-1]]"
q_f7a661f72426ce3e774020ed,"[[-1,-1],[-1,-1],[-1,-1],[-1,-1]]"
q_16d635e2a5b9b72ee017080e,"[[-1,-1],[392,420],[-1,-1],[-1,-1]]"
q_cb8dd655aacf36a6a6fafcf9,"[[-1,-1],[-1,-1],[-1,-1],[-1,-1]]"
q_5e6a1fa09e7f87aa5425dd09,"[[-1,-1],[259,296],[-1,-1],[-1,-1]]"
q_1c5b69fa49732ba1b3e13031,"[[-1,-1],[-1,-1],[-1,-1],[232,243]]"
q_808fe916eb675255a0824238,"[[51,62],[1,105],[-1,-1],[-1,-1]]"
q_a93d97fbf342819f2fd9cd0d,"[[-1,-1],[-1,-1],[-1,-1],[-1,-1]]"
q_6624f3426175d411b3b294d0,"[[-1,-1],[-1,-1],[-1,-1],[-1,-1]]"
q_4270f169b6573f55b8cf37ad,"[[572,579],[-1,-1],[-1,-1],[522,528]]"
q_c6feeea8b62b1452aed2e3bd,"[[-1,-1],[-1,-1],[-1,-1],[-1,-1]]"
q_4ef94b9b4c1d833343d3c968,"[[-1,-1],[0,9],[1481,1496],[295,342]]"
q_da180572d3058e03bf156e09,"[[268,317],[-1,-1],[1319,1365],[-1,-1]]"
q_3d6e53ed497912025e07a1c3,"[[-1,-1],[-1,-1],[-1,-1],[-1,-1]]"
q_852986fc729174c8aeedbdec,"[[130,200],[-1,-1],[-1,-1],[-1,-1]]"
q_d667f7c4bca1b6f1bbb5be12,"[[-1,-1],[96,108],[-1,-1],[437,467]]"
q_3a32ea197acd27c6e9a28b81,"[[-1,-1],[1069,1089],[-1,-1],[-1,-1]]"
q_fca44c732a0717babd9ff05e,"[[-1,-1],[-1,-1],[-1,-1],[-1,-1]]"
q_ca507aff1415f99329d26636,"[[-1,-1],[107,156],[0,16],[-1,-1]]"
q_fa64f96c52873661c4c29194,"[[-1,-1],[-1,-1],[-1,-1],[-1,-1]]"
q_f9bc7af9355bfc2ea768bd84,"[[-1,-1],[-1,-1],[-1,-1],[-1,-1]]"
q_4e2c8eb85a2c026379262701,"[[179,303],[36,99],[521,584],[-1,-1]]"
q_e8b0ad338f2cd3fdd980361b,"[[-1,-1],[96,211],[-1,-1],[-1,-1]]"
q_3239fe082236e805ca4ddb42,"[[-1,-1],[214,222],[-1,-1],[787,798]]"
q_e0641c405399890a656303e8,"[[-1,-1],[-1,-1],[-1,-1],[-1,-1]]"
q_4ede8c9e8f2472097e68b007,"[[196,273],[113,174],[-1,-1],[-1,-1]]"
q_972721b7ab237af590ba20a0,"[[-1,-1],[784,799],[45,63],[-1,-1]]"
q_215a93cf3ba6ddeb188aec07,"[[-1,-1],[-1,-1],[0,126],[-1,-1]]"
q_fa1bf4748d8edb9bafb4c9d3,"[[0,108],[-1,-1],[484,667],[127,158]]"
q_e74a8bf316f77fbda8eca43f,"[[113,272],[-1,-1],[60,71],[619,670]]"
q_9d76d0d72dd6bce461772f39,"[[-1,-1],[-1,-1],[-1,-1],[-1,-1]]"
q_5c11f67443364be8084d7f20,"[[-1,-1],[19,76],[30,76],[53,66]]"
q_7ab3bdf83c05d5f39e80d054,"[[344,407],[-1,-1],[408,509],[0,98]]"
q_172aaa141f668fc21c311ac6,"[[-1,-1],[-1,-1],[-1,-1],[-1,-1]]"
q_39ee0b0e395a31813f01cc52,"[[-1,-1],[138,151],[119,152],[93,104]]"
q_eaade75813f4e50568b1429f,"[[-1,-1],[-1,-1],[711,781],[-1,-1]]"
q_9980a5c2afb5f8d24db54e41,"[[-1,-1],[355,387],[-1,-1],[37,77]]"
q_260662ae8662dfd1ced89bf0,"[[-1,-1],[-1,-1],[329,405],[524,558]]"
q_894d5f15758e174857daa3e9,"[[313,362],[0,115],[-1,-1],[555,576]]"
q_d83b8f9a60065253e801029d,"[[-1,-1],[-1,-1],[311,440],[-1,-1]]"
q_d0336be6b5e72037f19d211d,"[[-1,-1],[-1,-1],[-1,-1],[-1,-1]]"
q_a05375432d14ee0f811231a5,"[[20,71],[-1,-1],[475,482],[332,360]]"
q_fd87d987ecc28d21802fe26a,"[[333,400],[-1,-1],[215,223],[-1,-1]]"
q_bca2539f18dba724ba471336,"[[-1,-1],[-1,-1],[711,733],[422,486]]"
q_9d213d3294d2842f6ff97254,"[[112,180],[55,81],[-1,-1],[-1,-1]]"
q_59570a5c92d063257d4228b5,"[[-1,-1],[-1,-1],[-1,-1],[-1,-1]]"
q_376dd8273b1bf9dcd7c195d2,"[[162,244],[-1,-1],[-1,-1],[-1,-1]]"
q_3af1eeacbd559a981cbf350a,"[[-1,-1],[-1,-1],[135,173],[454,466]]"
q_f049b824d7391faf9d0bb460,"[[-1,-1],[-1,-1],[-1,-1],[601,627]]"
q_760368c407026513a7f12431,"[[-1,-1],[338,401],[-1,-1],[403,508]]"
q_285e8485f06bb0d2a88f8c68,"[[-1,-1],[-1,-1],[-1,-1],[-1,-1]]"
q_bf2e4d136d48ca9db79d725e,"[[-1,-1],[-1,-1],[371,386],[-1,-1]]"
q_207d53bd508fb896f5d9c70e,"[[-1,-1],[-1,-1],[-1,-1],[-1,-1]]"
q_30b28aeeb8ab11879411ba73,"[[-1,-1],[362,427],[-1,-1],[-1,-1]]"
q_780ed96f716d57be3c1e7d28,"[[339,363],[0,172],[-1,-1],[71,171]]"
q_36d57f21a61a6d6d925328f0,"[[-1,-1],[-1,-1],[-1,-1],[-1,-1]]"
q_3378b959024c6b0bcd88fb8b,"[[-1,-1],[-1,-1],[-1,-1],[-1,-1]]"
q_051d86a756dca3d7457c619a,"[[-1,-1],[406,426],[-1,-1],[303,338]]"
q_3084dbc5bcdf30f1a455f309,"[[50,118],[-1,-1],[247,435],[213,245]]"
q_f01e5a25d10bbe0231481835,"[[-1,-1],[-1,-1],[-1,-1],[-1,-1]]"
q_09fd327418030a40621d9dee,"[[-1,-1],[-1,-1],[-1,-1],[-1,-1]]"
q_ad1839924bd7b00225667ed4,"[[-1,-1],[-1,-1],[-1,-1],[-1,-1]]"
q_f7022e24b1e60cedff40e47d,"[[-1,-1],[0,176],[-1,-1],[178,245]]"
q_2e678edb70bdfeea8ceb04ba,"[[-1,-1],[-1,-1],[956,967],[-1,-1]]"
q_ee261c819a800d8532d71378,"[[192,265],[-1,-1],[-1,-1],[192,265]]"
q_4a5a0566fe86b411ec2a7dc8,"[[-1,-1],[-1,-1],[-1,-1],[-1,-1]]"
q_21318aa35010541b74c7ab07,"[[-1,-1],[-1,-1],[-1,-1],[-1,-1]]"
q_a2d95f9f7f1cd6b771d29236,"[[-1,-1],[206,227],[165,180],[181,192]]"
q_6535dfe885e8efb287f4be38,"[[-1,-1],[84,95],[460,628],[22,38]]"
q_9d76f25b6c06600db675812a,"[[-1,-1],[132,146],[407,426],[-1,-1]]"
q_564cbf7befee75c582052036,"[[650,732],[-1,-1],[-1,-1],[-1,-1]]"
q_60fc2ba4754cf73a37fc484e,"[[334,371],[173,185],[-1,-1],[18,30]]"
q_b987521aca8f346757e94dd6,"[[318,466],[371,418],[-1,-1],[36,85]]"
q_ddb8a0b039a338fbbbbb9224,"[[-1,-1],[-1,-1],[-1,-1],[-1,-1]]"
q_d950186ed41295057651bf7a,"[[-1,-1],[-1,-1],[-1,-1],[-1,-1]]"
q_b1f1c5418e6e8426786952e3,"[[-1,-1],[-1,-1],[-1,-1],[653,656]]"
q_6907b9985f77ca69fd1d8271,"[[-1,-1],[-1,-1],[-1,-1],[-1,-1]]"
q_58bb0bf51cc8ae42e479ad25,"[[-1,-1],[-1,-1],[-1,-1],[-1,-1]]"
q_1fab72ff5a7584d788a0e8d7,"[[-1,-1],[-1,-1],[582,598],[85,103]]"
q_f6837ca669cd911caadde8b8,"[[305,316],[-1,-1],[-1,-1],[-1,-1]]"
q_972950b36888505959b01b38,"[[-1,-1],[-1,-1],[-1,-1],[-1,-1]]"
q_761f69e4bfcb37f99b17699a,"[[-1,-1],[26,75],[26,75],[555,617]]"
q_6f3279649756a969a398771b,"[[-1,-1],[-1,-1],[-1,-1],[-1,-1]]"
q_52cbe0c201ec1c30e13afec0,"[[518,528],[-1,-1],[518,528],[-1,-1]]"
q_bccb9804929f188ec0a9d28b,"[[0,11],[-1,-1],[-1,-1],[-1,-1]]"
q_55cb3a4d9aebc974ada16d75,"[[-1,-1],[170,199],[-1,-1],[-1,-1]]"
q_add5efae49b780e5a5494f36,"[[-1,-1],[-1,-1],[-1,-1],[-1,-1]]"
q_8ea4cca91b8bfb80bd06a40b,"[[-1,-1],[58,93],[0,94],[44,57]]"
q_fb466faa6042beda380c5967,"[[-1,-1],[-1,-1],[-1,-1],[502,544]]"
q_fafd600ec9a348d317074d5c,"[[-1,-1],[-1,-1],[0,52],[71,106]]"
q_749e43daf1712313e32bd4c2,"[[413,443],[53,80],[-1,-1],[5,52]]"
q_b4556b10057a9abbc846f20e,"[[-1,-1],[-1,-1],[-1,-1],[-1,-1]]"
q_44d766d53ec78a3da4fb6515,"[[-1,-1],[-1,-1],[-1,-1],[-1,-1]]"
q_29696240b8a2934d308cd1f9,"[[0,11],[-1,-1],[0,11],[323,342]]"
q_7ff38052af90289916af86ff,"[[665,736],[-1,-1],[-1,-1],[-1,-1]]"
q_4c1890e1cf2f2a7768c35d0e,"[[317,328],[317,329],[-1,-1],[0,184]]"
q_8f396f2f8dd5b8ae8603ae15,"[[-1,-1],[432,481],[-1,-1],[-1,-1]]"
q_db30a238e84b07188d86da9b,"[[-1,-1],[29,62],[242,289],[314,325]]"
q_15bade077b6a3c775474ef01,"[[-1,-1],[-1,-1],[406,466],[89,100]]"
q_934586fe1d0a53d86d3c6872,"[[-1,-1],[-1,-1],[0,116],[174,196]]"
q_f99255ad667760bc9421b598,"[[-1,-1],[17,100],[12,35],[-1,-1]]"
q_719f485ae1a00ef5ead86dcf,"[[479,549],[-1,-1],[-1,-1],[519,550]]"
q_1f7b4df3f7dda4b2152a5350,"[[-1,-1],[-1,-1],[-1,-1],[-1,-1]]"
q_61b7ede217de8fc4d8c3f208,"[[555,690],[-1,-1],[0,108],[-1,-1]]"
q_832ba9e808afaff410e71afa,"[[239,313],[-1,-1],[315,454],[101,117]]"
q_de6f90820d3054d6b7478edb,"[[-1,-1],[-1,-1],[-1,-1],[-1,-1]]"
q_2510598855b5dd034dabf817,"[[-1,-1],[-1,-1],[-1,-1],[-1,-1]]"
q_f1cd140af93c7327240295a3,"[[-1,-1],[-1,-1],[170,181],[-1,-1]]"
q_bce2de7a8adf58bace52ccd2,"[[-1,-1],[0,11],[144,219],[428,480]]"
q_a96cee75614198de69f7a441,"[[-1,-1],[-1,-1],[-1,-1],[-1,-1]]"
q_2e6d9057e9c71820d3779ad9,"[[-1,-1],[-1,-1],[-1,-1],[-1,-1]]"
q_bc4cb2e6f3efbac324510223,"[[690,812],[-1,-1],[144,264],[814,865]]"
q_da129b8c9a5bad9be764139a,"[[-1,-1],[-1,-1],[-1,-1],[-1,-1]]"
q_dc14db8b5562f5e963a25472,"[[-1,-1],[-1,-1],[-1,-1],[-1,-1]]"
q_1d499ea76fa0636f63dbad9b,"[[-1,-1],[-1,-1],[-1,-1],[-1,-1]]"
q_d4681df1cf50880c691b78f6,"[[676,689],[-1,-1],[-1,-1],[-1,-1]]"
q_3aa767c2fa7b87e7d9a25c3e,"[[-1,-1],[-1,-1],[930,943],[-1,-1]]"
q_b5b43cb3bae6a1150586a6bf,"[[-1,-1],[-1,-1],[-1,-1],[418,429]]"
q_49d7ab124c6ac7fd4ce0a98e,"[[-1,-1],[29,65],[-1,-1],[-1,-1]]"
q_aba76daa606107d88698aa16,"[[330,390],[-1,-1],[387,396],[406,446]]"
q_eddba53e03e928b2e1a2a147,"[[-1,-1],[-1,-1],[-1,-1],[-1,-1]]"
q_afcf0728e6fd3d57a5a66663,"[[181,205],[-1,-1],[206,218],[227,253]]"
q_0be26f88d6f91ec53675b0d2,"[[-1,-1],[-1,-1],[-1,-1],[-1,-1]]"
q_9ab0d9977dc3638df180b9ee,"[[-1,-1],[254,294],[66,219],[-1,-1]]"
q_ff2a4a6ec5ffcf34f3912004,"[[-1,-1],[-1,-1],[334,408],[-1,-1]]"
q_c9fa1e9d52ef58f4dfc45599,"[[-1,-1],[-1,-1],[-1,-1],[-1,-1]]"
q_bf859f605ded98c00fe0f2fe,"[[-1,-1],[-1,-1],[-1,-1],[35,46]]"
q_fb8012c0573d9440f1415a68,"[[295,361],[21,65],[577,646],[108,210]]"
q_94f1eee1ff5966a94b4496c2,"[[291,377],[409,472],[73,191],[11,71]]"
q_1bfaf66be1615a7783f39630,"[[-1,-1],[-1,-1],[-1,-1],[-1,-1]]"
q_05fa7e68fcfe41f695b85b09,"[[-1,-1],[-1,-1],[222,291],[159,200]]"
q_71424aa3644979ce2cd73a36,"[[206,363],[-1,-1],[-1,-1],[-1,-1]]"
q_c4714ca5cab48b70809b9cc1,"[[108,138],[388,445],[523,561],[523,534]]"
q_d160763b4b81ecb1cae5caf4,"[[-1,-1],[-1,-1],[63,74],[324,335]]"
q_cf24d9724ffc66b81edd6dd5,"[[-1,-1],[-1,-1],[-1,-1],[-1,-1]]"
q_db6f29f9f4cc2e0f5d364b90,"[[-1,-1],[-1,-1],[43,114],[170,181]]"
q_94b2687168b2e5692cc976f5,"[[97,120],[334,351],[-1,-1],[-1,-1]]"
q_f2400c2c5771665110c230c9,"[[290,352],[13,27],[223,351],[121,221]]"
q_5c069a02eb5a10ebb7a86d72,"[[-1,-1],[666,688],[-1,-1],[30,126]]"
q_41c5fcee5750a12d2258e666,"[[-1,-1],[-1,-1],[-1,-1],[-1,-1]]"
q_3ee8b32323b210ffb0dc8ce2,"[[-1,-1],[242,284],[-1,-1],[-1,-1]]"
q_bab54dadf51b07d54836742a,"[[-1,-1],[29,75],[150,187],[282,294]]"
q_362fbc66e6c47b06f29fa3fd,"[[27,59],[-1,-1],[-1,-1],[393,525]]"
q_d09176dd47ced10dc92fdf8c,"[[-1,-1],[-1,-1],[-1,-1],[-1,-1]]"
q_3667f54305ecb49d0b60b235,"[[-1,-1],[166,194],[526,663],[-1,-1]]"
q_b6046a781a0771796e1b6559,"[[-1,-1],[-1,-1],[-1,-1],[340,369]]"
q_4c82292eb7a95656b8f78e54,"[[-1,-1],[-1,-1],[-1,-1],[-1,-1]]"
q_42b7a93dbdab5fef4489ad9c,"[[181,204],[-1,-1],[459,522],[-1,-1]]"
q_c4087c0a0db725cd1fba9f10,"[[268,313],[-1,-1],[-1,-1],[423,467]]"
q_e8efb569d4df5c81c57fb73d,"[[0,39],[108,119],[17,29],[-1,-1]]"
q_f85925d83e57194f5349dc28,"[[-1,-1],[-1,-1],[-1,-1],[-1,-1]]"
q_16315a989ea9173b41b635fc,"[[29,83],[-1,-1],[-1,-1],[-1,-1]]"
q_b1cc1c31a3e5ff05307a7c1e,"[[158,169],[-1,-1],[-1,-1],[-1,-1]]"
q_7c2241b010f20f3e0b5fa2f1,"[[-1,-1],[-1,-1],[-1,-1],[-1,-1]]"
q_20a703773197425afcbc77b1,"[[0,126],[316,336],[208,232],[-1,-1]]"
q_0830104b19659603c20b6c30,"[[-1,-1],[268,348],[-1,-1],[266,349]]"
q_4c3684da87688c2337fd9c30,"[[-1,-1],[161,228],[471,526],[39,62]]"
q_c4928350e83ad86a273ade97,"[[-1,-1],[-1,-1],[-1,-1],[325,505]]"
q_41286c40b98cc02b7cb438ff,"[[-1,-1],[-1,-1],[-1,-1],[-1,-1]]"
q_0b3a2d23c7349ad2a6d1420e,"[[64,228],[95,141],[430,450],[0,18]]"
q_160cf9129033b6b16bc0cdf0,"[[-1,-1],[-1,-1],[-1,-1],[-1,-1]]"
q_52e52be79c7f00c3a48f766c,"[[114,125],[-1,-1],[-1,-1],[-1,-1]]"
q_93d3d9277f4cce0bf35d4be4,"[[-1,-1],[389,393],[0,115],[-1,-1]]"
q_592eb57476a3df9ce4156fd5,"[[0,63],[-1,-1],[-1,-1],[261,277]]"
q_a177f81c2da6040ebefe2a16,"[[18,170],[0,170],[322,404],[-1,-1]]"
q_edd210f3a401cd42e0d60cdc,"[[-1,-1],[-1,-1],[-1,-1],[-1,-1]]"
q_736640d472a74e70dd1d6d4e,"[[-1,-1],[-1,-1],[-1,-1],[-1,-1]]"
q_4f550f2dc4857a119688a338,"[[-1,-1],[-1,-1],[-1,-1],[-1,-1]]"
q_f9ff23bf45f80d262d3433c9,"[[-1,-1],[-1,-1],[-1,-1],[-1,-1]]"
q_0f5c02a30eb743ff683438a4,"[[273,285],[206,239],[-1,-1],[498,510]]"
q_fb40fecf1bb05afe1ce4071c,"[[-1,-1],[-1,-1],[588,649],[-1,-1]]"
q_b7de9e3c7e5b6eb22d25be96,"[[-1,-1],[-1,-1],[-1,-1],[-1,-1]]"
q_1d8d6bc0d203c3d011a1cb16,"[[-1,-1],[393,533],[535,640],[694,714]]"
q_b410bdf60f34e5cb1d3449fb,"[[-1,-1],[22,63],[48,62],[152,299]]"
q_830d6dcf3d241238d4dbbcb5,"[[-1,-1],[-1,-1],[-1,-1],[-1,-1]]"
q_c6bae249aa08a68886acdb28,"[[-1,-1],[-1,-1],[148,415],[-1,-1]]"
q_be90e152f0c347f022bc89e6,"[[573,597],[99,143],[0,14],[-1,-1]]"
q_da8f8ac3b3e52048b8b6db13,"[[37,63],[62,79],[-1,-1],[-1,-1]]"
q_7789ef97c0ce715e140e4bbf,"[[-1,-1],[270,314],[-1,-1],[-1,-1]]"
q_b88d46a85595622a05f72084,"[[-1,-1],[-1,-1],[528,569],[608,690]]"
q_1efb7e5833083e12d7cf0938,"[[-1,-1],[-1,-1],[-1,-1],[-1,-1]]"
q_d29a0e6e477aa91b07d89a81,"[[-1,-1],[-1,-1],[116,130],[-1,-1]]"
q_26882212afbee6d85feda4a2,"[[-1,-1],[-1,-1],[-1,-1],[-1,-1]]"
q_98a9e6ed7767b81b464d2519,"[[-1,-1],[-1,-1],[-1,-1],[-1,-1]]"
q_f6dba98bcbaa0d1dc75443ce,"[[-1,-1],[-1,-1],[-1,-1],[-1,-1]]"
q_1c27ff8439a3e82f2b3ed093,"[[-1,-1],[-1,-1],[395,461],[429,462]]"
q_8de73134be2dea093d76bd9e,"[[-1,-1],[-1,-1],[-1,-1],[-1,-1]]"
q_ced77bac36b722ad262cbd6e,"[[-1,-1],[213,299],[443,518],[346,380]]"
q_88fbc963de2217dda5f1e4b7,"[[-1,-1],[-1,-1],[-1,-1],[504,584]]"
q_2c269641ab0f1f6c0b20fbae,"[[-1,-1],[-1,-1],[-1,-1],[-1,-1]]"
q_89bdea9eb25955ea1d82845a,"[[-1,-1],[-1,-1],[-1,-1],[-1,-1]]"
q_1aa2f17001b24acbef15ddea,"[[-1,-1],[-1,-1],[87,107],[1,147]]"
q_fd4755a1e753f5183cca4e5b,"[[-1,-1],[-1,-1],[-1,-1],[-1,-1]]"
q_c2bfc97f53f076da91f00457,"[[511,527],[-1,-1],[-1,-1],[35,83]]"
q_31f35c944ad545b1427a2497,"[[37,93],[-1,-1],[-1,-1],[333,407]]"
q_aab02fb8ae527f5430f62270,"[[-1,-1],[-1,-1],[-1,-1],[93,119]]"
q_1fe1cefd3bd612d9c9889d3b,"[[470,517],[-1,-1],[46,80],[-1,-1]]"
q_48190dced8b938cca67b5e57,"[[-1,-1],[39,85],[192,242],[334,349]]"
q_85d43a102ea448ddb2723630,"[[-1,-1],[-1,-1],[-1,-1],[-1,-1]]"
q_f71c5e81df0903b3e8afd6ee,"[[-1,-1],[-1,-1],[-1,-1],[-1,-1]]"
q_65808f683a5339d556b3e219,"[[1,138],[-1,-1],[305,414],[-1,-1]]"
q_e67d208341db19898bddf7cf,"[[-1,-1],[-1,-1],[-1,-1],[207,329]]"
q_2fc984789dacfd12e14d6f0d,"[[-1,-1],[-1,-1],[368,461],[-1,-1]]"
q_7520d79e98666d094104456c,"[[-1,-1],[-1,-1],[-1,-1],[-1,-1]]"
q_f4c2bf92e905816c73b21292,"[[273,395],[52,89],[-1,-1],[-1,-1]]"
q_5a2ed7287cffd8745c967b8b,"[[-1,-1],[0,11],[543,617],[-1,-1]]"
q_b8c6b1609fd7540a78bd86a9,"[[-1,-1],[-1,-1],[-1,-1],[400,412]]"
q_4941a385b93c4469e4be7b9e,"[[-1,-1],[-1,-1],[-1,-1],[-1,-1]]"
q_47ee71be65a160777d8797cb,"[[-1,-1],[-1,-1],[637,652],[-1,-1]]"
q_c4b91fc1dc540ee0bb663bf7,"[[-1,-1],[869,906],[-1,-1],[-1,-1]]"
q_9fc34e33a877c8b2a39c5fca,"[[187,250],[331,369],[252,329],[797,861]]"
q_ade7657c496d34d9e5748891,"[[-1,-1],[-1,-1],[-1,-1],[-1,-1]]"
q_a115d22d339b481c22042fbc,"[[243,468],[-1,-1],[-1,-1],[-1,-1]]"
q_d6ba813c74ff1138f642f426,"[[0,11],[-1,-1],[690,701],[-1,-1]]"
q_41fa356b4407d2613a0e62a6,"[[-1,-1],[538,691],[-1,-1],[32,97]]"
q_217f60bc3705109d4187ff19,"[[-1,-1],[270,378],[-1,-1],[270,378]]"
q_889135ef83f70c8b3b0bd8f1,"[[-1,-1],[-1,-1],[154,329],[-1,-1]]"
q_7c2a51063282d3930c7fb311,"[[-1,-1],[-1,-1],[-1,-1],[-1,-1]]"
q_44c9d3160019b12f8a2f3de1,"[[-1,-1],[64,106],[349,369],[109,130]]"
q_852e4bb5be9d85353f52dfdb,"[[-1,-1],[-1,-1],[-1,-1],[-1,-1]]"
q_168b03587043252921ac8236,"[[230,241],[-1,-1],[-1,-1],[242,291]]"
q_527c6bbf7347601d0c467c37,"[[451,462],[-1,-1],[-1,-1],[210,221]]"
q_b3f18e946c332fcbd4a68be9,"[[37,48],[-1,-1],[-1,-1],[-1,-1]]"
q_3cf68f04d7b90c2e448fbee6,"[[-1,-1],[-1,-1],[-1,-1],[-1,-1]]"
q_a9fc68f1f8211bbd7e0c2d40,"[[-1,-1],[-1,-1],[-1,-1],[-1,-1]]"
q_835f2c94ed47c529d8f08fe5,"[[-1,-1],[-1,-1],[-1,-1],[-1,-1]]"
q_3cd10f659d9f96fefa746b63,"[[-1,-1],[-1,-1],[-1,-1],[-1,-1]]"
q_5a6c845dab283f2b989926ac,"[[-1,-1],[-1,-1],[-1,-1],[-1,-1]]"
q_7604dd89445303707c0ca7b6,"[[-1,-1],[-1,-1],[-1,-1],[-1,-1]]"
q_cd62a5b0ac190137d1837d7e,"[[-1,-1],[-1,-1],[-1,-1],[-1,-1]]"
q_a17122380d10045d0f37a2f0,"[[-1,-1],[-1,-1],[-1,-1],[-1,-1]]"
q_78e281ba0671376f9241afa8,"[[31,42],[-1,-1],[43,58],[216,232]]"
q_7da34d0dcdaa71d3b7648b43,"[[-1,-1],[152,342],[-1,-1],[344,421]]"
q_c0531da02d7c08cebe8292e7,"[[68,121],[303,314],[8,35],[193,248]]"
q_8c98e9ba0cfa434d559b15d6,"[[-1,-1],[-1,-1],[-1,-1],[-1,-1]]"
q_a805a7171d9bff89c3d84316,"[[319,331],[0,177],[0,177],[213,255]]"
q_a768a0cac270f3e9bb332617,"[[-1,-1],[-1,-1],[-1,-1],[-1,-1]]"
q_5da674708214f57535a4f0ba,"[[-1,-1],[-1,-1],[154,286],[-1,-1]]"
q_ecdb1647122dc443622eb5ad,"[[-1,-1],[-1,-1],[-1,-1],[-1,-1]]"
q_4f1e7ff93263cd38981b9430,"[[-1,-1],[-1,-1],[-1,-1],[17,29]]"
q_fd9fbf5c5ca090339e44d1d9,"[[-1,-1],[-1,-1],[9,89],[18,89]]"
q_e57415193eebfcc03da44d38,"[[-1,-1],[-1,-1],[-1,-1],[-1,-1]]"
q_cc2eb421c39425a2a37ad92f,"[[-1,-1],[-1,-1],[-1,-1],[-1,-1]]"
q_f21c48ad36a589ba0bfd1433,"[[199,269],[-1,-1],[158,198],[21,33]]"
q_4f7672e9032838b09fa2d94a,"[[1,103],[1,103],[-1,-1],[181,212]]"
q_e49b680a785080c8552b0a04,"[[-1,-1],[397,454],[-1,-1],[-1,-1]]"
q_fcb153b76e889e12d9f97597,"[[-1,-1],[-1,-1],[-1,-1],[-1,-1]]"
q_11315afa9d9d83a05a1310e6,"[[581,736],[152,194],[-1,-1],[-1,-1]]"
q_7fbea3d3885564429628e335,"[[-1,-1],[-1,-1],[-1,-1],[-1,-1]]"
q_134384bd641b88e7c6c2ebeb,"[[134,149],[18,44],[192,203],[75,96]]"
q_aa8d70b6bf8c636303ee0b65,"[[-1,-1],[28,39],[93,126],[-1,-1]]"
q_13b5659741524de766b12ea1,"[[75,118],[0,286],[0,286],[0,232]]"
q_2f095baf0ca5c2eaf976de76,"[[-1,-1],[-1,-1],[-1,-1],[-1,-1]]"
q_354266d7faaada24a289af92,"[[-1,-1],[-1,-1],[-1,-1],[-1,-1]]"
q_31808962ad062db52d50e050,"[[-1,-1],[-1,-1],[-1,-1],[-1,-1]]"
q_bbe7ae14f7d54d7d8566b870,"[[-1,-1],[-1,-1],[-1,-1],[-1,-1]]"
q_d82b9432354b9ca22e7b4bc0,"[[21,92],[202,330],[123,201],[-1,-1]]"
q_2b258382f860222b214ee955,"[[-1,-1],[-1,-1],[-1,-1],[-1,-1]]"
q_9efb8bf286efe087242d4842,"[[116,187],[49,94],[816,868],[-1,-1]]"
q_7515c3d7fed390b639d18cda,"[[545,581],[-1,-1],[-1,-1],[269,290]]"
q_7fe6e4f1ad503a5c9dc250b9,"[[-1,-1],[-1,-1],[-1,-1],[-1,-1]]"
q_af9c611d4ad2b7fb3f2900aa,"[[0,11],[-1,-1],[315,326],[-1,-1]]"
q_3c2f57494369ed5dea1e3386,"[[0,15],[-1,-1],[204,254],[-1,-1]]"
q_6453aa32f53b75edc630a041,"[[-1,-1],[-1,-1],[-1,-1],[-1,-1]]"
q_efdfb0dcc8e88bcbbee28a2c,"[[-1,-1],[43,98],[197,410],[412,528]]"
q_5bba6bdf84aab8f541cfd650,"[[1172,1228],[843,1089],[190,243],[190,243]]"
q_5842e73e791f3ad2d9368d80,"[[182,237],[-1,-1],[284,400],[163,237]]"
q_6afd5dd2fe09f272f30b9481,"[[22,109],[-1,-1],[-1,-1],[-1,-1]]"
q_74935e7ac393aaf9cf3185da,"[[-1,-1],[-1,-1],[-1,-1],[-1,-1]]"
q_8e14b2c8b1aa2f9446638212,"[[-1,-1],[-1,-1],[-1,-1],[620,652]]"
q_676d32eb55843e3f66238336,"[[-1,-1],[-1,-1],[1088,1170],[-1,-1]]"
q_e9343c4571ce60afb34b02e2,"[[2,165],[2,165],[47,165],[2,165]]"
q_617329eacdaf41b86ae4c0df,"[[-1,-1],[0,212],[672,719],[-1,-1]]"
q_bdbe134c1d4fc02a0d01a48d,"[[48,68],[-1,-1],[-1,-1],[-1,-1]]"
q_2711f2d0c94efdec6f111275,"[[0,115],[150,210],[-1,-1],[-1,-1]]"
q_e29c80280299902d7ba9dda8,"[[-1,-1],[-1,-1],[-1,-1],[219,310]]"
q_8c7dc987bd0754aaf121dfd9,"[[-1,-1],[32,122],[-1,-1],[466,520]]"
q_5c2e74cbbb0b870c8d5a9278,"[[-1,-1],[-1,-1],[198,209],[198,209]]"
q_e9e1b89613e3a060ae5f7446,"[[-1,-1],[-1,-1],[-1,-1],[-1,-1]]"
q_498b6afdd86efbff739eb3b1,"[[-1,-1],[-1,-1],[-1,-1],[-1,-1]]"
q_b86a98311cbb7bb5f11d1f53,"[[-1,-1],[-1,-1],[-1,-1],[243,323]]"
q_58e779cb2bcec823ff10e130,"[[-1,-1],[241,401],[-1,-1],[-1,-1]]"
q_240d7b5b2dd1658155bda174,"[[883,918],[23,66],[193,278],[-1,-1]]"
q_8f12997a27f0fe6aee62d827,"[[-1,-1],[-1,-1],[-1,-1],[-1,-1]]"
q_d12aef98e76a715f61f46a1a,"[[491,513],[41,123],[0,11],[-1,-1]]"
q_8904cef09e8f64d8d6165efe,"[[81,97],[-1,-1],[-1,-1],[-1,-1]]"
q_727e71a77ee8474fa65dee07,"[[-1,-1],[-1,-1],[-1,-1],[-1,-1]]"
q_71a8ed74534c6237d45bee9e,"[[-1,-1],[-1,-1],[-1,-1],[-1,-1]]"
q_55b46953b31b8a124a57633a,"[[57,186],[74,187],[125,159],[-1,-1]]"
q_b769ecbd5ac473e9cf5551e8,"[[-1,-1],[-1,-1],[-1,-1],[-1,-1]]"
q_d80f01cbc9b6b47cb86795cf,"[[167,217],[57,77],[-1,-1],[-1,-1]]"
q_7a512e6f0b0232b1283d63e1,"[[195,278],[0,150],[0,150],[588,658]]"
q_54e1dd0600ed72659011bc9a,"[[144,261],[429,463],[44,69],[32,43]]"
q_4dee6f4a0a8f0109aee25f75,"[[-1,-1],[321,363],[-1,-1],[804,816]]"
q_fa215846768346c59fa04f6a,"[[386,569],[0,85],[-1,-1],[571,639]]"
q_ec0425521088566e67ea6549,"[[0,63],[508,546],[0,63],[-1,-1]]"
q_ea0e3c95ab238184beb1ef2d,"[[828,1080],[-1,-1],[746,826],[-1,-1]]"
q_4ab0c4d5cafdd43414e732ed,"[[-1,-1],[-1,-1],[-1,-1],[171,182]]"
q_89aa4ee99968c1c0e1cf5e94,"[[506,670],[-1,-1],[393,404],[-1,-1]]"
q_31de167494d186280ab74081,"[[87,135],[542,574],[100,135],[-1,-1]]"
q_0c78a8f29fe0a4ad639323b7,"[[288,315],[27,50],[256,272],[-1,-1]]"
q_f3d55accfdbddd00ab9e670b,"[[-1,-1],[-1,-1],[-1,-1],[-1,-1]]"
q_9729fa705ef222b7d45ab38d,"[[-1,-1],[-1,-1],[-1,-1],[-1,-1]]"
q_80d06ed900115586a410758b,"[[-1,-1],[-1,-1],[177,325],[-1,-1]]"
q_7cd066cc529cfadce0003408,"[[-1,-1],[-1,-1],[-1,-1],[-1,-1]]"
q_703abcb3862735bdb68ec481,"[[-1,-1],[-1,-1],[0,183],[433,445]]"
q_d4e8d225b4d25548b9801453,"[[-1,-1],[-1,-1],[259,423],[-1,-1]]"
q_ba718492902f9c67a02465c1,"[[0,11],[111,168],[123,167],[-1,-1]]"
q_393a1e288da3cd61a19be213,"[[887,969],[635,704],[377,423],[-1,-1]]"
q_6c3a984e8c8efe605d928247,"[[-1,-1],[-1,-1],[-1,-1],[-1,-1]]"
q_d67e482d92e2d1f1395e2289,"[[113,280],[0,280],[-1,-1],[282,506]]"
q_e17f54c76ef89d57014efad7,"[[51,134],[-1,-1],[-1,-1],[-1,-1]]"
q_ad3a31c5a87bfbd410de349a,"[[-1,-1],[-1,-1],[-1,-1],[-1,-1]]"
q_afe9bc275d1806260aa9f742,"[[-1,-1],[-1,-1],[-1,-1],[-1,-1]]"
q_3a95a2fac51b277715c7790e,"[[-1,-1],[-1,-1],[-1,-1],[-1,-1]]"
q_bf60bf3be2a9c499ea102537,"[[386,412],[-1,-1],[-1,-1],[45,53]]"
q_60484842b8b48d7a564d8fe9,"[[-1,-1],[14,79],[16,35],[-1,-1]]"
q_d321798788653cb7152d2be7,"[[-1,-1],[503,517],[-1,-1],[-1,-1]]"
q_44df1abea1b7c2e282ae7d0e,"[[-1,-1],[-1,-1],[-1,-1],[175,231]]"
q_0ef1622adb3da88c81936129,"[[-1,-1],[-1,-1],[35,80],[-1,-1]]"
q_d3202a67952bf847ea490b58,"[[549,560],[-1,-1],[-1,-1],[-1,-1]]"
q_5f2c2e5108381fefdebd30b5,"[[91,103],[46,103],[46,103],[46,103]]"
q_f3ec9b4e50e0d07bbcad427a,"[[-1,-1],[753,788],[-1,-1],[-1,-1]]"
q_f2721ee16b136a412275b545,"[[-1,-1],[0,14],[546,652],[-1,-1]]"
q_57154a06044fe0940f3a534a,"[[-1,-1],[-1,-1],[-1,-1],[-1,-1]]"
q_4ccb166a8b2b0bc48e7b641c,"[[-1,-1],[-1,-1],[-1,-1],[-1,-1]]"
q_26af6b6beac41c7e57f74e6a,"[[-1,-1],[495,636],[-1,-1],[666,823]]"
q_83b4ad2f8b968a7def002c5d,"[[183,246],[-1,-1],[-1,-1],[365,504]]"
q_2b18636d1ca739719c1f4773,"[[250,309],[-1,-1],[187,246],[-1,-1]]"
q_d504816935b6284bbc5c8aac,"[[-1,-1],[220,313],[-1,-1],[-1,-1]]"
q_6abb0434de98cdf3711cf4ad,"[[31,45],[-1,-1],[-1,-1],[80,98]]"
q_cb89239145c7da757bcf9532,"[[0,210],[48,268],[48,268],[-1,-1]]"
q_f8c92ec983037d3279630011,"[[-1,-1],[-1,-1],[-1,-1],[-1,-1]]"
q_a2850bf7b79e8f5b18c99d86,"[[626,664],[193,212],[193,212],[570,602]]"
q_b8b8997c84571e0fae4282ce,"[[-1,-1],[214,236],[462,535],[313,415]]"
q_6ab14e3f49c1389d6ed9f947,"[[-1,-1],[940,988],[-1,-1],[187,256]]"
q_e18a1a25051ea00942c6e894,"[[-1,-1],[-1,-1],[-1,-1],[-1,-1]]"
q_f07739b79c49e6f242fa1d0b,"[[-1,-1],[-1,-1],[6,94],[-1,-1]]"
q_82958c38c369e3400a9d5086,"[[-1,-1],[34,45],[-1,-1],[-1,-1]]"
q_f893393472d7ff24a97353af,"[[-1,-1],[-1,-1],[-1,-1],[-1,-1]]"
q_e58e24e8241e761093c08514,"[[31,50],[269,329],[1,128],[-1,-1]]"
q_8fc5f6c3dd2d61daafdf432b,"[[22,45],[-1,-1],[-1,-1],[-1,-1]]"
q_9e7530217ba2bea6ff731f0c,"[[-1,-1],[-1,-1],[447,458],[-1,-1]]"
q_ec2d287a2375b983732f7fa1,"[[-1,-1],[-1,-1],[-1,-1],[-1,-1]]"
q_7b7055dc8de728795e0ef465,"[[47,64],[47,64],[47,64],[47,64]]"
q_ec2ef444ec2f20dd0af08a83,"[[70,147],[-1,-1],[-1,-1],[-1,-1]]"
q_c5183bda7e5d5938c7a96891,"[[-1,-1],[-1,-1],[-1,-1],[478,499]]"
q_5e00e387ce7b3f1589e40a92,"[[-1,-1],[0,49],[-1,-1],[37,49]]"
q_98bb78428e80a1810974c7ca,"[[-1,-1],[-1,-1],[-1,-1],[631,647]]"
q_bb717274279709f6f2557866,"[[53,97],[676,687],[676,687],[281,295]]"
q_78b036b12ef72ba18a32d50c,"[[-1,-1],[-1,-1],[-1,-1],[-1,-1]]"
q_ef5a7d42fc146e5bbdc68fe0,"[[-1,-1],[-1,-1],[-1,-1],[-1,-1]]"
q_5475dd1a853e684014f71a36,"[[-1,-1],[-1,-1],[-1,-1],[-1,-1]]"
q_b3122c07d6bf7bd843363020,"[[-1,-1],[537,557],[459,492],[558,627]]"
q_dcfcf2f4588994ffbec1ed48,"[[-1,-1],[39,68],[-1,-1],[-1,-1]]"
q_f4f61d316a2b2bbd8919210b,"[[-1,-1],[260,311],[324,375],[315,374]]"
q_6e0f31a7fb8b98fbd7a63534,"[[-1,-1],[-1,-1],[-1,-1],[52,75]]"
q_897d1f7d15e0825344fc261e,"[[19,72],[19,72],[-1,-1],[-1,-1]]"
q_69f467256980ebd21cca3d5c,"[[-1,-1],[-1,-1],[-1,-1],[-1,-1]]"
q_6828bd6c4ad748de93e4b691,"[[364,518],[-1,-1],[-1,-1],[-1,-1]]"
q_9f7b5b630eba30a8358fdea5,"[[-1,-1],[-1,-1],[-1,-1],[-1,-1]]"
q_7e9d9e7f690939e0cc1faaa5,"[[273,304],[256,303],[-1,-1],[-1,-1]]"
q_b094699dad444d70bdf1da20,"[[-1,-1],[-1,-1],[-1,-1],[-1,-1]]"
q_b42013536f3a3806c0153232,"[[-1,-1],[-1,-1],[-1,-1],[-1,-1]]"
q_f43bdb6ca75ac1178fa455bb,"[[179,224],[-1,-1],[125,153],[136,159]]"
q_12df296174a1e2711787a59a,"[[13,37],[128,147],[-1,-1],[-1,-1]]"
q_b2c8507c11d92e3cb1ae8b68,"[[-1,-1],[-1,-1],[-1,-1],[-1,-1]]"
q_e1f4e0600b870ddfe4f81375,"[[-1,-1],[-1,-1],[-1,-1],[637,651]]"
q_b7898b3c9696b5d02066cf04,"[[-1,-1],[-1,-1],[350,478],[-1,-1]]"
q_fe65b11dd2d8e3192b72592e,"[[31,93],[23,93],[-1,-1],[-1,-1]]"
q_d69f6d1b40f07d1214e7ff0e,"[[-1,-1],[0,170],[-1,-1],[39,192]]"
q_8a19173654b09347b2bc36d6,"[[-1,-1],[-1,-1],[-1,-1],[-1,-1]]"
q_ae65b317483504921414cf35,"[[-1,-1],[-1,-1],[-1,-1],[-1,-1]]"
q_5a0e497e2f4a0a0ddf2f2264,"[[314,407],[-1,-1],[473,494],[87,140]]"
q_daed4345d9242387e20285bb,"[[-1,-1],[-1,-1],[-1,-1],[-1,-1]]"
q_a604e69cf98cdf7e9d5bb496,"[[-1,-1],[-1,-1],[-1,-1],[-1,-1]]"
q_c6adddcf7341a3c7ad9ad87f,"[[-1,-1],[727,838],[-1,-1],[727,838]]"
q_cb74421407c8398025861b4f,"[[-1,-1],[287,305],[-1,-1],[467,616]]"
q_91c54af8ccbd4af8e4483511,"[[-1,-1],[-1,-1],[-1,-1],[-1,-1]]"
q_814b53efc37bd28b625f9a20,"[[-1,-1],[657,687],[24,35],[471,493]]"
q_2d5e7b2f6695e4478277afd1,"[[-1,-1],[162,202],[-1,-1],[-1,-1]]"
q_1ac71112d3c639547052369e,"[[-1,-1],[-1,-1],[-1,-1],[345,433]]"
q_ff2830886ca3a3c3828a21ea,"[[-1,-1],[-1,-1],[-1,-1],[-1,-1]]"
q_03c074c527e2bf4469f93f9d,"[[-1,-1],[26,56],[-1,-1],[0,16]]"
q_52a6092422fe039777eec03c,"[[-1,-1],[-1,-1],[-1,-1],[-1,-1]]"
q_43a0226bf09965b61594febe,"[[-1,-1],[0,154],[-1,-1],[498,564]]"
q_86011360125f0f2e75d29c1f,"[[274,374],[-1,-1],[44,88],[407,433]]"
q_1011cfea75665b9290514e6b,"[[-1,-1],[-1,-1],[35,180],[356,469]]"
q_f4385f62b5623aaf5ddc9dbc,"[[-1,-1],[-1,-1],[-1,-1],[243,255]]"
q_a2092c3a6645b2a37804f180,"[[-1,-1],[36,57],[-1,-1],[-1,-1]]"
q_bee1b2bc29b0482bd7c0e7b4,"[[-1,-1],[-1,-1],[-1,-1],[-1,-1]]"
q_0353dbe44ecaaaae90205241,"[[0,109],[0,109],[216,306],[-1,-1]]"
q_248e6192985eedac7a61e4be,"[[-1,-1],[-1,-1],[-1,-1],[-1,-1]]"
q_d70a101ac1d4311d7fe93b0d,"[[-1,-1],[-1,-1],[-1,-1],[-1,-1]]"
q_0e882c8dd7331ead6533dc29,"[[-1,-1],[1052,1100],[-1,-1],[591,643]]"
q_f5597012c2290d9f1e3f99e4,"[[-1,-1],[-1,-1],[121,153],[-1,-1]]"
q_82f4ea71c4cd85a9c5cdaab4,"[[17,51],[53,189],[-1,-1],[524,626]]"
q_f1170cebb5e391447223b1fd,"[[-1,-1],[-1,-1],[-1,-1],[-1,-1]]"
q_dc9391c9c33a247e8ca3bdc1,"[[-1,-1],[-1,-1],[-1,-1],[-1,-1]]"
q_bc8d94cc3feda272d3709ef0,"[[273,285],[139,175],[-1,-1],[221,247]]"
q_0f2931c8f52a59352677531b,"[[-1,-1],[-1,-1],[787,811],[76,183]]"
q_f561e7e1ad084f0c4c49d61c,"[[45,77],[-1,-1],[-1,-1],[-1,-1]]"
q_ffd07ed674beecb35e6adce5,"[[181,337],[0,127],[0,127],[181,337]]"
q_6c7a8a7a25e547866dcbab5e,"[[-1,-1],[-1,-1],[-1,-1],[-1,-1]]"
q_c29d90da4088eeebe4636ec7,"[[-1,-1],[34,79],[-1,-1],[-1,-1]]"
q_49be64b2629102242ffcbb5f,"[[89,112],[89,111],[-1,-1],[-1,-1]]"
q_ccdae9686e0400ba80a3dba4,"[[-1,-1],[419,462],[-1,-1],[0,170]]"
q_1130ad79a357cff51e2da6e3,"[[114,138],[-1,-1],[238,253],[162,192]]"
q_bcafcf1d1c830e6422a02f80,"[[325,475],[48,113],[-1,-1],[250,324]]"
q_efd66f12b42cc061b9610f9a,"[[-1,-1],[401,412],[-1,-1],[-1,-1]]"
q_027fa1a0233b8434f90ecab7,"[[437,653],[251,276],[219,282],[-1,-1]]"
q_88bb8c0693847c1a6a1b2460,"[[-1,-1],[-1,-1],[-1,-1],[159,240]]"
q_521d75aa862f439ee83a3ca6,"[[-1,-1],[-1,-1],[-1,-1],[-1,-1]]"
q_e5ab031a5c99acf9d4768f66,"[[-1,-1],[740,777],[-1,-1],[455,490]]"
q_2e1b5ee7b0cadbc731998ed5,"[[-1,-1],[319,516],[-1,-1],[17,90]]"
q_90a3cbeedf0826171233ee55,"[[-1,-1],[-1,-1],[-1,-1],[-1,-1]]"
q_c2df645090668cd19998579c,"[[511,523],[62,256],[511,522],[28,61]]"
q_53e8cfeb4f41c21e80fbd0ab,"[[484,498],[106,117],[-1,-1],[626,641]]"
q_6b2ebb1dfdae994fff730e66,"[[-1,-1],[-1,-1],[-1,-1],[613,652]]"
q_e23c450d4b334d8fdbbcbf1d,"[[-1,-1],[-1,-1],[-1,-1],[-1,-1]]"
q_f6c6f45ed2f8142f0a316188,"[[1,157],[413,459],[460,589],[224,370]]"
q_568338dd92b15c7764cb40c0,"[[-1,-1],[99,140],[-1,-1],[818,882]]"
q_e00b5d8758222117d934a47d,"[[-1,-1],[-1,-1],[346,357],[-1,-1]]"
q_c04919b35e9b127c0e33dbaa,"[[303,342],[210,280],[143,198],[36,66]]"
q_838bfa0860c0bda207184b40,"[[-1,-1],[-1,-1],[-1,-1],[-1,-1]]"
q_ace2b1330b155147b93bf8f9,"[[-1,-1],[-1,-1],[-1,-1],[-1,-1]]"
q_002d39d805ccea6c320efd89,"[[-1,-1],[-1,-1],[64,85],[-1,-1]]"
q_705cd65a937abdc27ee912c7,"[[-1,-1],[302,360],[0,93],[144,210]]"
q_671e982218c99cb9a8a8fc01,"[[65,155],[120,176],[-1,-1],[-1,-1]]"
q_82b659d8b65d52f03e2b611b,"[[-1,-1],[-1,-1],[-1,-1],[-1,-1]]"
q_466b9213675e3c482d39fae1,"[[-1,-1],[-1,-1],[214,225],[-1,-1]]"
q_9412076ccc03d1d748f2c56a,"[[27,282],[402,452],[-1,-1],[453,464]]"
q_10f69947983aea336877df93,"[[-1,-1],[61,114],[384,509],[0,114]]"
q_12e2b62fb273fb7db340ac60,"[[-1,-1],[-1,-1],[-1,-1],[-1,-1]]"
q_2ee81de32a0337622a342fbc,"[[-1,-1],[-1,-1],[-1,-1],[-1,-1]]"
q_aeb2ec3c7b84fed86f012086,"[[-1,-1],[-1,-1],[179,257],[0,177]]"
q_f36e227aeee1a5350c2605e2,"[[-1,-1],[-1,-1],[-1,-1],[-1,-1]]"
q_39756315b9b24ca2fea8ca56,"[[-1,-1],[-1,-1],[-1,-1],[-1,-1]]"
q_72b7eafd990fe1df5fc67a24,"[[-1,-1],[128,139],[-1,-1],[-1,-1]]"
q_1d09988ea655f2c9ab26e6be,"[[-1,-1],[-1,-1],[172,217],[-1,-1]]"
q_0fdc2c5f1a6d97222cf7eb57,"[[-1,-1],[-1,-1],[-1,-1],[-1,-1]]"
q_189877c05fd2a3ab5e287932,"[[-1,-1],[126,189],[0,54],[190,292]]"
q_7947561120de854ac888b8af,"[[123,167],[144,152],[123,167],[144,152]]"
q_85700298e4be0c55bace9021,"[[-1,-1],[-1,-1],[-1,-1],[524,588]]"
q_ab551a53e1a6b7b16da8d52d,"[[-1,-1],[-1,-1],[-1,-1],[-1,-1]]"
q_30823a742763ed8f5fdbee3e,"[[0,11],[39,97],[-1,-1],[-1,-1]]"
q_6d34f61985dc78f1f9734998,"[[-1,-1],[-1,-1],[-1,-1],[-1,-1]]"
q_771d3085a0cc2d050cb1b4bc,"[[-1,-1],[-1,-1],[-1,-1],[-1,-1]]"
q_af0331fc4375f292ac542163,"[[-1,-1],[-1,-1],[-1,-1],[820,857]]"
q_df87278516ae3a122a1616f0,"[[-1,-1],[-1,-1],[-1,-1],[-1,-1]]"
q_7ac0eb7a9d546b5c78198670,"[[-1,-1],[428,445],[-1,-1],[35,99]]"
q_1db5c2f11715a4cd2dae1f06,"[[-1,-1],[-1,-1],[144,161],[-1,-1]]"
q_0cdb7c80554ca5bc38743abe,"[[-1,-1],[-1,-1],[-1,-1],[-1,-1]]"
q_b7d043250264f179eec498b2,"[[-1,-1],[-1,-1],[-1,-1],[-1,-1]]"
q_3a6c653b3c012fd9f2cac15e,"[[-1,-1],[352,368],[-1,-1],[-1,-1]]"
q_8175e24d1195718e094e83df,"[[17,116],[258,294],[821,915],[-1,-1]]"
q_07b8d96ef124fce4617bffed,"[[13,46],[13,46],[-1,-1],[81,143]]"
q_50c442625a3b43990c0c4e9f,"[[0,167],[-1,-1],[-1,-1],[-1,-1]]"
q_34996839bdba7c337a0d077f,"[[-1,-1],[-1,-1],[131,142],[-1,-1]]"
q_7f1aeac2a4cd71aa892d99a0,"[[-1,-1],[393,458],[-1,-1],[-1,-1]]"
q_7736206664630b34bd8c154e,"[[-1,-1],[340,493],[-1,-1],[-1,-1]]"
q_0043803a261d8fe8bb0486b4,"[[-1,-1],[503,545],[472,544],[-1,-1]]"
q_a0fcd0aa58674f1aed3625b0,"[[-1,-1],[-1,-1],[-1,-1],[389,403]]"
q_39d71e84ea48f4045df519c0,"[[30,82],[-1,-1],[-1,-1],[316,324]]"
q_47b9117529f41c8aa993cafc,"[[0,50],[-1,-1],[428,473],[213,302]]"
q_0fee48f730faaa15ff871d8e,"[[111,162],[-1,-1],[-1,-1],[-1,-1]]"
q_905eac44c12938f76c6f1557,"[[-1,-1],[351,373],[160,172],[-1,-1]]"
q_552af5ebb9351ac3d0d8e2b3,"[[0,18],[-1,-1],[0,18],[398,433]]"
q_6ae88b5a2d739f1ae1ef27c9,"[[185,262],[103,183],[218,263],[-1,-1]]"
q_f74d08c2f636eab0b4af86b9,"[[632,739],[-1,-1],[-1,-1],[-1,-1]]"
q_27c70af8a4c0f753a0a97113,"[[671,781],[-1,-1],[-1,-1],[671,781]]"
q_d6ca4ce9844580569e41ea5d,"[[297,308],[87,98],[-1,-1],[-1,-1]]"
q_44a9ef2f34e7bb1531264fc0,"[[-1,-1],[-1,-1],[-1,-1],[-1,-1]]"
q_4c5518946d94264369753613,"[[-1,-1],[-1,-1],[-1,-1],[-1,-1]]"
q_f852b45d2f88a9fbf5f42a9c,"[[560,577],[-1,-1],[-1,-1],[-1,-1]]"
q_9ee9040cb5670a441e9b782b,"[[-1,-1],[-1,-1],[493,504],[-1,-1]]"
q_60ea9f3156bd4c7a84f4713c,"[[0,101],[600,618],[-1,-1],[-1,-1]]"
q_30acc36b03f5389465b9c65d,"[[-1,-1],[-1,-1],[198,210],[-1,-1]]"
q_67cbfa0f1d98631873be5f3d,"[[-1,-1],[-1,-1],[-1,-1],[-1,-1]]"
q_08bec96e68cd5570d6f8d5b7,"[[437,555],[165,381],[218,381],[-1,-1]]"
q_eccfb5bb90465eb2c4abdf5c,"[[-1,-1],[293,343],[537,603],[293,343]]"
q_81b250bdbff51d6372f67919,"[[276,394],[-1,-1],[-1,-1],[-1,-1]]"
q_d4d710ced3ca16b79d8bca43,"[[-1,-1],[61,159],[326,375],[161,324]]"
q_b97c1926e0bef577c69e282e,"[[0,45],[97,135],[-1,-1],[-1,-1]]"
q_ed97f339f81b9f40fcb6cd12,"[[-1,-1],[-1,-1],[-1,-1],[-1,-1]]"
q_74344a40fdfd4cea3ad24d44,"[[80,91],[80,92],[262,273],[-1,-1]]"
q_e6ad2b99d901e839701fc14c,"[[243,282],[243,282],[-1,-1],[-1,-1]]"
q_86db739e34f767db28c427c7,"[[435,531],[-1,-1],[-1,-1],[-1,-1]]"
q_e74779813f9e40a81d6be63e,"[[166,233],[-1,-1],[-1,-1],[-1,-1]]"
q_3ec90e4bea44fddf6e2e75de,"[[412,429],[-1,-1],[-1,-1],[-1,-1]]"
q_d09cd4b1cc7aec78ac4e9d5a,"[[965,1013],[-1,-1],[-1,-1],[792,827]]"
q_8e65fdd93c2a353a95053461,"[[-1,-1],[-1,-1],[-1,-1],[-1,-1]]"
q_08d6df70710a980af75c7b3c,"[[-1,-1],[-1,-1],[-1,-1],[-1,-1]]"
q_57e1e0258e5a9fbd2e193842,"[[18,70],[238,296],[344,502],[72,236]]"
q_6b2abc39648596f70125c04d,"[[304,350],[315,351],[-1,-1],[-1,-1]]"
q_9056d59d0d64c0478d43ad49,"[[-1,-1],[-1,-1],[-1,-1],[-1,-1]]"
q_f55850c74e278c7a5481b262,"[[-1,-1],[197,264],[-1,-1],[414,489]]"
q_d03a8413561179ea582a50a8,"[[246,317],[-1,-1],[-1,-1],[-1,-1]]"
q_90fa9f8f09974a2db21da478,"[[-1,-1],[-1,-1],[230,292],[26,101]]"
q_2025aefee09eefc194cbe7ad,"[[151,360],[151,360],[151,360],[-1,-1]]"
q_9cd1382161578ee4ebdebd19,"[[495,509],[612,627],[-1,-1],[-1,-1]]"
q_5c1978f7621e3efaaba81c4e,"[[-1,-1],[-1,-1],[-1,-1],[-1,-1]]"
q_3c805c124a9092f681a54f62,"[[0,35],[71,134],[50,90],[571,644]]"
q_e72bc5542ce55f133c5b9bc9,"[[-1,-1],[348,384],[-1,-1],[-1,-1]]"
q_5cfb12897b73ce72e81f26a0,"[[-1,-1],[713,936],[447,495],[-1,-1]]"
q_a5eb054331370fb4e32da412,"[[145,221],[578,602],[409,444],[-1,-1]]"
q_a19612217056e2e6e50ceeb0,"[[-1,-1],[104,185],[104,185],[104,185]]"
q_c438a273ebc724d23ce0bbd9,"[[-1,-1],[-1,-1],[-1,-1],[-1,-1]]"
q_20a3f19a6f61bf99f099e23c,"[[-1,-1],[-1,-1],[-1,-1],[-1,-1]]"
q_d7e08d02f1e00622cc1f3ef9,"[[-1,-1],[-1,-1],[-1,-1],[-1,-1]]"
q_583a0a621db571a7ac9080cc,"[[637,663],[-1,-1],[-1,-1],[-1,-1]]"
q_498e3f2ac5ad90c8760275f3,"[[-1,-1],[-1,-1],[-1,-1],[-1,-1]]"
q_7847e7791cc0ae4f2be2868b,"[[0,103],[353,428],[-1,-1],[448,501]]"
q_71e9d97e5e3c6a46cc2d05b6,"[[-1,-1],[-1,-1],[-1,-1],[-1,-1]]"
q_d3af2dd5ecc10607d65b7a6d,"[[-1,-1],[-1,-1],[-1,-1],[-1,-1]]"
q_7c4b40168487570cca2ebf92,"[[-1,-1],[-1,-1],[-1,-1],[-1,-1]]"
q_6d5cd29ace44becdb387c526,"[[-1,-1],[-1,-1],[540,559],[-1,-1]]"
q_cb3b1ca9c1859d0d31ac281f,"[[-1,-1],[-1,-1],[-1,-1],[-1,-1]]"
q_51c522cc3cefdadb17ef9b01,"[[257,268],[260,283],[257,283],[-1,-1]]"
q_0199dea8db6c6a3cb386c17b,"[[-1,-1],[-1,-1],[-1,-1],[-1,-1]]"
q_647cbea417775839e5407976,"[[40,51],[-1,-1],[-1,-1],[1,52]]"
q_04fe1923fbe97b7221c052c5,"[[0,168],[335,373],[169,315],[1024,1064]]"
q_824adb78443bc2bbc9045bd8,"[[-1,-1],[-1,-1],[-1,-1],[-1,-1]]"
q_4eed2d597212d34d1acba9e6,"[[544,574],[-1,-1],[-1,-1],[-1,-1]]"
q_665c88cf9e041bb8029461bf,"[[178,224],[101,175],[251,282],[-1,-1]]"
q_0f85baf5aeaab4bfef7e17c1,"[[462,485],[143,217],[180,189],[462,466]]"
q_2292eaea41c797b5c6637478,"[[325,389],[-1,-1],[-1,-1],[-1,-1]]"
q_af851eb3dd9ac3352c784cfb,"[[45,56],[-1,-1],[-1,-1],[69,81]]"
q_bc8fd8d2bcce24e6586d1d9f,"[[-1,-1],[-1,-1],[-1,-1],[-1,-1]]"
q_e6e0acc6e54543d5a44c1757,"[[-1,-1],[-1,-1],[101,135],[-1,-1]]"
q_fddb1973104cf7030d48ddce,"[[-1,-1],[-1,-1],[-1,-1],[-1,-1]]"
q_884e68123b3524018ddca511,"[[-1,-1],[-1,-1],[-1,-1],[-1,-1]]"
q_91bed50de8ac146d97f85b85,"[[0,41],[26,42],[-1,-1],[-1,-1]]"
q_2840611bbc3b90feb6445830,"[[252,261],[262,308],[446,458],[610,620]]"
q_571921904e014f46fd98d0e5,"[[-1,-1],[33,84],[-1,-1],[-1,-1]]"
q_b4d741e936ac1a91b34043dc,"[[22,55],[1,54],[-1,-1],[-1,-1]]"
q_780f728583bd032b313b1bfe,"[[-1,-1],[-1,-1],[-1,-1],[-1,-1]]"
q_8e1c5e4b7896150853aa07d5,"[[-1,-1],[445,494],[-1,-1],[-1,-1]]"
q_5196e744ce34aa49e9b1a901,"[[106,118],[-1,-1],[-1,-1],[-1,-1]]"
q_0d294879ab9b12b15a624815,"[[-1,-1],[325,368],[-1,-1],[-1,-1]]"
q_8491bd217c3b0f0d39984d42,"[[1,193],[425,438],[-1,-1],[-1,-1]]"
q_2999c3ea3b7f1e3c5853c66e,"[[158,334],[488,512],[88,156],[-1,-1]]"
q_e16c6dd481fb0647cefefaa0,"[[-1,-1],[-1,-1],[-1,-1],[-1,-1]]"
q_95e5a68d522be52a02931b8b,"[[-1,-1],[77,96],[57,79],[-1,-1]]"
q_5cbc667c1fef6f043fe50e3a,"[[-1,-1],[-1,-1],[-1,-1],[-1,-1]]"
q_9955955def74377736544919,"[[11,76],[78,245],[-1,-1],[304,336]]"
q_181d0aef3d5eba9ae6440eee,"[[152,315],[-1,-1],[15,150],[0,150]]"
q_f3c90de6829c9e89d74a7eef,"[[-1,-1],[-1,-1],[-1,-1],[-1,-1]]"
q_9b4ccac51cf8dc27acf3df40,"[[-1,-1],[205,280],[-1,-1],[-1,-1]]"
q_c5db71765fbcbd88df2ccee2,"[[-1,-1],[-1,-1],[-1,-1],[-1,-1]]"
q_2320c8908ac2bfce7fe42cf6,"[[-1,-1],[-1,-1],[-1,-1],[-1,-1]]"
q_1e597cd4c1b00c940f7f0661,"[[-1,-1],[-1,-1],[-1,-1],[-1,-1]]"
q_2506c983df676ed21c8451e3,"[[-1,-1],[-1,-1],[-1,-1],[-1,-1]]"
q_12c5649daec502d04a39fa54,"[[-1,-1],[-1,-1],[-1,-1],[-1,-1]]"
q_53ed661efc5ae3f0ea246dfa,"[[-1,-1],[-1,-1],[-1,-1],[-1,-1]]"
q_725f0df283a9632257f0a0d7,"[[-1,-1],[503,643],[503,643],[-1,-1]]"
q_aa9234598a6fbe33469322b3,"[[103,136],[-1,-1],[103,112],[-1,-1]]"
q_d4113dfb608a5ed889a5df36,"[[178,189],[0,14],[-1,-1],[453,464]]"
q_38c68f724f0b78fb1f4ff6d1,"[[1,12],[22,66],[-1,-1],[127,143]]"
q_dcea7c90f0359a4112dd83df,"[[-1,-1],[-1,-1],[-1,-1],[-1,-1]]"
q_c0c1fa53b47f9240174abc2a,"[[145,205],[46,66],[-1,-1],[46,66]]"
q_41145d28dd6461078ddf5091,"[[350,415],[-1,-1],[-1,-1],[-1,-1]]"
q_a9e02ff361dd3fc7a0b1b4f7,"[[17,28],[-1,-1],[-1,-1],[-1,-1]]"
q_c96c25e89953c23c2e15886e,"[[0,16],[120,136],[-1,-1],[-1,-1]]"
q_43f19325780bc3ffa2d38503,"[[-1,-1],[40,45],[-1,-1],[543,554]]"
q_4fce98a1474275a41f9057e7,"[[474,625],[54,96],[0,96],[-1,-1]]"
q_454e5dda607927b6c35aa9ad,"[[-1,-1],[-1,-1],[-1,-1],[-1,-1]]"
q_0bc61b8015f3f85a6974567e,"[[-1,-1],[-1,-1],[-1,-1],[-1,-1]]"
q_4fee35b6e856f03fb7c0bca1,"[[-1,-1],[-1,-1],[90,125],[631,651]]"
q_541c90dcf437268f623ca969,"[[-1,-1],[447,500],[-1,-1],[-1,-1]]"
q_83d194dc79512cd38cd93030,"[[-1,-1],[-1,-1],[-1,-1],[-1,-1]]"
q_01777e3a30613e1c1b990f4e,"[[-1,-1],[-1,-1],[-1,-1],[-1,-1]]"
q_fa1a655f23f121ebd3fd8b01,"[[-1,-1],[463,489],[-1,-1],[463,489]]"
q_668ba94285a00f5009a54852,"[[-1,-1],[-1,-1],[426,563],[-1,-1]]"
q_4668d7aaa961814b11e746c6,"[[435,507],[30,111],[-1,-1],[139,219]]"
q_e067fa9ec07305a7a5fbf84e,"[[-1,-1],[-1,-1],[-1,-1],[-1,-1]]"
q_3a45e6d2935e855d8353d58e,"[[-1,-1],[-1,-1],[-1,-1],[-1,-1]]"
q_7164feebe814d47d86484672,"[[-1,-1],[253,295],[565,622],[502,563]]"
q_a6086ae485e8350f38f8abf8,"[[-1,-1],[-1,-1],[-1,-1],[-1,-1]]"
q_c5f407315f3b2b10e6af47c9,"[[-1,-1],[-1,-1],[-1,-1],[-1,-1]]"
q_deb29306e2f6a09ad35bfd28,"[[153,195],[-1,-1],[-1,-1],[197,295]]"
q_04a15e763bdb26fb372f2e16,"[[-1,-1],[446,555],[661,709],[-1,-1]]"
q_8cd7b574bb3062e42ee93539,"[[-1,-1],[473,500],[-1,-1],[206,262]]"
q_27a69f6804b39d5b2752681e,"[[-1,-1],[331,376],[139,188],[17,86]]"
q_09aeebb5023a457aaba53cc2,"[[134,154],[-1,-1],[118,160],[19,31]]"
q_f3348c0aa1e5a50cb5dacca2,"[[-1,-1],[-1,-1],[-1,-1],[-1,-1]]"
q_500b683c83d2aa8341738653,"[[-1,-1],[-1,-1],[-1,-1],[266,390]]"
q_30b2c1b3ad6e8aa38d0e31d3,"[[450,473],[-1,-1],[-1,-1],[677,718]]"
q_b43f2495121a29797c1a1925,"[[-1,-1],[-1,-1],[-1,-1],[-1,-1]]"
q_a2d458e42348aaa9f331ae83,"[[104,195],[-1,-1],[151,196],[-1,-1]]"
q_0f11691664790ac88bb3257b,"[[-1,-1],[-1,-1],[-1,-1],[-1,-1]]"
q_60479f66d7fd548e374670d1,"[[-1,-1],[-1,-1],[278,290],[-1,-1]]"
q_e0b2566a7f32ce5d9eded8e4,"[[-1,-1],[-1,-1],[-1,-1],[-1,-1]]"
q_f6db81d4007fc3175a7491d9,"[[-1,-1],[144,184],[0,131],[-1,-1]]"
q_71ea64f2d9ed7ab466d2f802,"[[-1,-1],[45,86],[-1,-1],[231,312]]"
q_72dabd227c9cc9497285ade7,"[[-1,-1],[32,97],[-1,-1],[-1,-1]]"
q_85813c75ba3cafa9ac76a48f,"[[462,483],[-1,-1],[-1,-1],[-1,-1]]"
q_2308df67737d57e8503468e7,"[[324,399],[254,273],[-1,-1],[489,503]]"
q_a55b5fd6c1e8fec1fe3db2e7,"[[280,473],[280,473],[46,60],[-1,-1]]"
q_a46095fcaa06eda05c76884a,"[[-1,-1],[-1,-1],[-1,-1],[-1,-1]]"
q_e51188f472ae38d31a01373c,"[[310,363],[365,503],[-1,-1],[-1,-1]]"
q_4024d338f9fc63ba46cd6ae4,"[[402,491],[520,576],[83,270],[53,82]]"
q_427104a9cb42de9f293d2594,"[[-1,-1],[-1,-1],[-1,-1],[-1,-1]]"
q_1c957627c0caca7766588704,"[[-1,-1],[-1,-1],[-1,-1],[-1,-1]]"
q_04b84cb978564407e7aa597a,"[[-1,-1],[-1,-1],[-1,-1],[-1,-1]]"
q_224bcbe7ca3dc97b63773b4c,"[[-1,-1],[-1,-1],[-1,-1],[-1,-1]]"
q_6a636243d24527cdfee551a5,"[[-1,-1],[35,58],[-1,-1],[184,227]]"
q_82ac80e156d64496661709b4,"[[360,417],[717,739],[-1,-1],[515,666]]"
q_047ebd8aac3f7bca0e377729,"[[9,36],[145,173],[33,78],[180,357]]"
q_e8b7bbcad8cf3f3a964f4b56,"[[-1,-1],[-1,-1],[-1,-1],[-1,-1]]"
q_94f3dc4fb0abac4fc2f7dbef,"[[116,249],[33,49],[-1,-1],[-1,-1]]"
q_b3c46e223a7bc10589504dbf,"[[-1,-1],[-1,-1],[-1,-1],[-1,-1]]"
q_8d861bf4753b58dd73e7904f,"[[-1,-1],[90,222],[223,383],[-1,-1]]"
q_fb259de3ca168e01e0bd5b80,"[[-1,-1],[-1,-1],[-1,-1],[-1,-1]]"
q_acdaedcf8d1a03ad27da0ecb,"[[-1,-1],[-1,-1],[-1,-1],[-1,-1]]"
q_f9767dba896f4e07ca2b8bb8,"[[552,611],[-1,-1],[-1,-1],[44,59]]"
q_538b7891a8fa61fd503483be,"[[-1,-1],[0,73],[554,609],[-1,-1]]"
q_d9b6526ef654a7b52f6d4b9c,"[[280,294],[173,193],[-1,-1],[-1,-1]]"
q_d3e8291c4d30c75994114bd3,"[[-1,-1],[1,179],[70,91],[-1,-1]]"
q_6c7e07e01a670eee0720fe4c,"[[510,542],[-1,-1],[-1,-1],[775,909]]"
q_2fe4073d74e0a3b83314a36c,"[[-1,-1],[-1,-1],[473,510],[-1,-1]]"
q_108612c937b9981f77422fa2,"[[-1,-1],[-1,-1],[-1,-1],[-1,-1]]"
q_5d3819b72876ab5fa983d932,"[[-1,-1],[-1,-1],[-1,-1],[-1,-1]]"
q_91232d317f0ef022192abc2a,"[[677,714],[376,532],[656,667],[376,396]]"
q_db20543b74663f1ce0527dd2,"[[162,192],[126,304],[51,60],[-1,-1]]"
q_47252a972783f561280bae29,"[[-1,-1],[-1,-1],[322,381],[-1,-1]]"
q_8f4c48b64b0a1d822080b306,"[[277,365],[-1,-1],[-1,-1],[-1,-1]]"
q_b2f6eb4d51fe0e05d0d35370,"[[539,553],[-1,-1],[33,53],[-1,-1]]"
q_49dba74623abd5400a084ab3,"[[-1,-1],[-1,-1],[-1,-1],[-1,-1]]"
q_75ee450b73377df4cfe685b3,"[[-1,-1],[-1,-1],[-1,-1],[-1,-1]]"
q_9f30a858a063980ea98be284,"[[-1,-1],[-1,-1],[-1,-1],[-1,-1]]"
q_f8fba0c6729cd622d404f7ba,"[[-1,-1],[290,426],[-1,-1],[1,209]]"
