entry_id,origin,etymon
pk_00072a0e7db0baed,sanskrit,आक्रु
pk_001cb3a245da10fb,desi,-
pk_0034dad545cce59a,sanskrit,अर्णा
pk_004146a6fbe28b1c,desi,-
pk_0042d6572dc8a2da,sanskrit,अकुथायित
pk_004e75e208280bef,desi,-
pk_00582142f03d91a7,sanskrit,उपकारित
pk_007a535d2ac276a0,sanskrit,योगिक
pk_007c15d2dc5bc432,sanskrit,नवी
pk_00a8524572b3c3f2,sanskrit,तापित
pk_00cdd3ee1bdb28e2,desi,-
pk_00e5f46079e3903a,sanskrit,क्षपणा
pk_00e8b4152b5bf43c,sanskrit,उपह्न
pk_010012ca47305ca1,sanskrit,घन्दित
pk_0100d056839c88f0,sanskrit,अति
pk_0172f0a327622c1a,sanskrit,कार्धाव
pk_017a25549bb12afd,sanskrit,उत्तोष्ट
pk_01afc17c2dcf9e28,sanskrit,आविश्
pk_01c2ea1f0a20b968,sanskrit,उपस्था
pk_020014e78518992c,desi,-
pk_024fbb4a9b6aaec5,sanskrit,क्री
pk_02786f3975651b12,sanskrit,चालय्
pk_02804e2478063d1a,sanskrit,कलिप्त
pk_02b33c96d562376a,sanskrit,छुच्
pk_02c4085fa020d9f2,desi,-
pk_02cd3559d50eedc4,sanskrit,नाह
pk_02d78b67883ef61a,desi,-
pk_02dfc0b5bfbec624,sanskrit,अवस्ति
pk_02ef09ec546dbc1a,desi,-
pk_0305238664d132e2,sanskrit,कृष्ट
pk_030551a091b06b06,desi,-
pk_033d9f80561edf7b,sanskrit,अन्ध
pk_03b06894ec1cbd0b,sanskrit,आभियोगिन्
pk_03d792bac5be0291,sanskrit,अनुभर्य
pk_03debb99883b5388,sanskrit,कण्डर
pk_03e7d35dc269ba19,desi,-
pk_0412ffbdc1499adc,sanskrit,अभ्यापक
pk_042b475d1e21f717,sanskrit,चवचल
pk_0498c35343f738c0,desi,-
pk_04b260b17d2e6298,sanskrit,आर्द्
pk_04d719aedf836067,sanskrit,उद्थन
pk_04de31e3f5b405df,sanskrit,अक्षेप
pk_04ef33abbf85d2f8,sanskrit,कालिप
pk_051759d8641b34d1,sanskrit,नाली
pk_051b4854e856acc0,sanskrit,ज्ञयिन्
pk_0520f18171bcdfb9,desi,-
pk_0538e18f6f00ed80,sanskrit,आभोग
pk_05677c4ec85b2074,desi,-
pk_05dbccf69a8c5235,sanskrit,अभिव्याक्षित
pk_0626037c3a02afff,desi,-
pk_0626e3c5ff051e95,sanskrit,निर्वन
pk_062ee2c084037f8b,sanskrit,उपेवर्णक
pk_0635ed95b80c1f9f,sanskrit,उदात्तिक
pk_063ca662f155ef2e,sanskrit,यदि
pk_0643255a3d5d75ca,sanskrit,चालनी
pk_064625b24afccf33,sanskrit,अभ्यागम
pk_0651dffb886c73b7,sanskrit,कुङ्गम
pk_06682d1fae75addb,sanskrit,नाली
pk_0685d161121011fb,sanskrit,कम्
pk_0690d836953a2df6,sanskrit,अपदि
pk_069959a27aee48bd,sanskrit,कुम्बला
pk_06a356b62e023661,sanskrit,अपवसन
pk_06cc4dded4c53658,desi,-
pk_06ddf2d892a86cf6,sanskrit,आलक
pk_06e7491b50ca7871,desi,-
pk_06ff9d45bd604e8c,desi,-
pk_0714f0f071c64629,desi,-
pk_071627d786a2d86e,sanskrit,अम्भङ्ग
pk_0733bedb013dfbc2,desi,-
pk_077c9bd15acabc29,sanskrit,कुमरी
pk_079c40cb32ba3d92,sanskrit,निरापन
pk_07ade22b07b92f7d,desi,-
pk_07dd837ef593e1d4,sanskrit,क्षायि
pk_07eb56d34e6ae83f,sanskrit,अम्भन
pk_082e8337ec8350d1,sanskrit,क्षत्र
pk_082fe4ec8ee401f8,desi,-
pk_0834e9c18956e515,sanskrit,उपाह्
pk_08390e7f87f0dd5b,desi,-
pk_083a46468acc6748,sanskrit,तुमन्तुम
pk_083b8b4107f9ad21,sanskrit,अवलगित
pk_084d2cf86b317b31,sanskrit,केशर
pk_0858534196c9ed26,desi,-
pk_08585f9bf61e9fe9,sanskrit,अनाशीतिन
pk_08697003c6ed013d,sanskrit,चमन
pk_086f98823e31b8a2,sanskrit,उपकारक
pk_088d3147d30e43e1,desi,-
pk_08c5cb89ae1d8605,sanskrit,करवणीर
pk_08de807206c0fbc8,sanskrit,अकुत
pk_08e4085349ef2e77,sanskrit,ताट
pk_08f7ba90bccb8832,sanskrit,नीरवार
pk_08fe97d441f2e018,sanskrit,तेलितृ
pk_09260b3ac18cef45,sanskrit,चटक
pk_0932cbdbb9ec909a,sanskrit,क्षायिन्
pk_093b038d7c082fb7,sanskrit,कूल
pk_09688fb52c633252,sanskrit,आताप
pk_097ae8a4d65ec60e,sanskrit,निःश्रविष्ट
pk_09858fa69f487d5b,sanskrit,अवगम्
pk_099f6316d6f46373,sanskrit,निरपकार
pk_09a5ce997e54440b,sanskrit,अस्वेना
pk_09ccad35a1fea58f,sanskrit,नैष्ठित
pk_0a0514080a59738d,desi,-
pk_0a0a1ce9c861e6d5,sanskrit,अलेशिन्
pk_0a140c59511068a6,sanskrit,इलाकिक
pk_0a2de2b0c1df8e19,sanskrit,कर्णुक
pk_0a5537096d9e87be,sanskrit,खण्टक
pk_0a570e007d7a0da8,sanskrit,अनुप्रवाक्त
pk_0a633cb2da88221f,sanskrit,अश्वेषण
pk_0a6a3c5181c7cdf5,sanskrit,कोट्टनी
pk_0a71c81597d04913,desi,-
pk_0a93ce09d738d6fc,sanskrit,उपवृत्
pk_0aa4cddc84a43ffa,sanskrit,अन्थन
pk_0aa76d7425fec37b,sanskrit,न्
pk_0ade5e86c3e18e8a,sanskrit,कर्मण
pk_0ae3a7d8156a776e,sanskrit,उत्कीरण
pk_0b064d4a00a03012,sanskrit,तीरय्
pk_0b19aaf47ae89939,sanskrit,त्रिन्
pk_0b1bdeaa9b48d6e2,desi,-
pk_0b2e557804f12310,sanskrit,अव्या
pk_0b2f529f39f0a48b,sanskrit,क्षायित
pk_0b5e26f4d3e786cb,desi,-
pk_0b69dece0d62758b,sanskrit,खलित
pk_0b76588decef326e,sanskrit,ग्राण
pk_0b84b1f2ce400c8b,sanskrit,निष्कवल्न
pk_0b8a8dbde2ad001d,sanskrit,निवर्धि
pk_0b915b59efdaf036,sanskrit,उपलेप
pk_0babc06f2100cd0e,sanskrit,अर्ण
pk_0bb229ce9f14fcc8,sanskrit,अनर्चिन्
pk_0bf1f9ad13e20258,sanskrit,निर्लूलकरण
pk_0c339a4952052e83,sanskrit,त्रुहालिक
pk_0cd2af7617c27e9d,sanskrit,अमुक्
pk_0cf1bc586ab2100f,sanskrit,कुथायित
pk_0cfdd69be660c7ff,sanskrit,ग्रह्
pk_0d02539b52c68cb9,sanskrit,तप्
pk_0d049786b54bb6a8,sanskrit,गल
pk_0d0f8be135b7fedd,sanskrit,कान्तर
pk_0d1ae9a5a41ec142,sanskrit,तामस
pk_0d248b8b592d9d2c,sanskrit,अच्छेत्र
pk_0d3a157ea14e9260,desi,-
pk_0d3b0d8c8147a0c3,desi,-
pk_0d7809fc1c9cf8cb,desi,-
pk_0d898ba27c687c94,desi,-
pk_0d8a7974c30e71f8,desi,-
pk_0d9118c64c2d16ca,sanskrit,नालित
pk_0d9dc40ecc0bc59a,sanskrit,कुष्ठापक
pk_0e086c9cfc1a1539,sanskrit,अपवृत्त
pk_0e08ac8583742f2a,sanskrit,तादिन्
pk_0e13fa846d8460cd,sanskrit,खेलिका
pk_0e1576054a87c0ce,sanskrit,काण
pk_0e1f51ff7fe8b001,sanskrit,खूर्य
pk_0e2a6235b119a444,sanskrit,चिन्त्रना
pk_0e2eabb462e82672,sanskrit,कर्म्
pk_0e33a8434089d7d4,desi,-
pk_0e544a99aeda7cb0,sanskrit,चल्लपाल
pk_0e57b1388ba99e4d,desi,-
pk_0e9324a6e5158f73,desi,-
pk_0e9d7283efad14cd,sanskrit,अस्फाय
pk_0eb88e91249b2944,sanskrit,चालन
pk_0ec7079c21f43bfa,sanskrit,अतिघ्रात
pk_0ef212ca7cf43de1,sanskrit,चित्रय्
pk_0ef25108c12363a7,desi,-
pk_0f0e3ee89d71c303,desi,-
pk_0f122241abde228f,sanskrit,निष्प्रवग
pk_0f124cccadae8411,sanskrit,कर्मन्
pk_0f4f411ac814d4b8,sanskrit,आतार
pk_0f56ca39a6286126,sanskrit,निवयस्
pk_0f675aefdcc4430b,sanskrit,तुमन्तम
pk_0f75705c1989d57e,sanskrit,अवह
pk_0f916bb47f8f9ea0,desi,-
pk_0fa8ca6903a97a8c,sanskrit,याधित
pk_0fb7af4a88049668,sanskrit,तर्जा
pk_0fb9d24611a4e1c0,desi,-
pk_0fc99dec7a12f020,sanskrit,किष्ठापत्तिक
pk_0fece97dff8ff12d,desi,-
pk_0ff725c674e06e86,sanskrit,कर्षक
pk_100265de65ba6572,desi,-
pk_1013a90fe5d77b70,sanskrit,ज्ञजिन
pk_103376e541da0f69,sanskrit,आख्या
pk_10467b5a2cb3ae5f,sanskrit,उपविहिन्
pk_108b59a117ce8259,sanskrit,अकाङ्ग
pk_1095215b02385a64,desi,-
pk_10d0b80359cdad1f,sanskrit,आविदा
pk_10d29a6bf3d962f3,sanskrit,कवश
pk_10df8a0a301c017d,sanskrit,उत्कोदन
pk_10e5bcbacd912b3a,desi,-
pk_10ebb938e5af60be,sanskrit,निर्ज्
pk_10ff3d3b16378ebd,sanskrit,नड्
pk_10ff84915c7ce8b6,desi,-
pk_1102f8465b77f87f,sanskrit,उपयोगिन्
pk_111214e2f65f922d,sanskrit,अभिनिर्येष
pk_1120e456630c8118,sanskrit,तिमिल
pk_11211cc931044d3e,sanskrit,उत्त
pk_114edb36f8c2ae59,desi,-
pk_116a117ee9fc441f,sanskrit,ज्
pk_118e0894c40ad97b,sanskrit,नियन्दि
pk_1197d38d017be30c,sanskrit,आक्रोक्
pk_119b28afb8b34c8d,desi,-
pk_11d7f5e1718dfbe8,desi,-
pk_11efe71d67b83a78,sanskrit,अभवासन
pk_11f1a05cf668fb57,sanskrit,तुल्य
pk_1202e31dd9250c89,desi,-
pk_121bee4356b0d019,sanskrit,अनुत्पर
pk_123ad5a809ccbb35,sanskrit,निर्घात
pk_126b3fecbd6dd768,sanskrit,कलङ्क
pk_127f06f734c849b3,sanskrit,उपस्थान
pk_12ad54b4faf77a8b,sanskrit,आभिन्दिक
pk_12b59907eaf1413b,desi,-
pk_12c703076b12235b,sanskrit,उन्मात्रा
pk_131e39b6d1b96672,desi,-
pk_13355c8e022d8325,desi,-
pk_13552de4417c4c3c,sanskrit,कोल
pk_13a8295b44ef5fd4,sanskrit,त्रम्
pk_13be8d09b84b5090,sanskrit,अधत्रा
pk_13c8ddf7d2ac2682,desi,-
pk_13ca85ce980182b1,sanskrit,उपल्
pk_13d474f1940c7187,sanskrit,छुरित
pk_13d6c21f335d6244,sanskrit,कृश्
pk_13ef7df3097e0140,sanskrit,क्षामित
pk_13fd23601212db55,desi,-
pk_142a750caadf8220,sanskrit,तालक्य
pk_14311923f33e6de5,sanskrit,निपान
pk_144dea3720d10b0e,desi,-
pk_1452a512ddecdfdf,sanskrit,अनिष्ठित
pk_146e5f5e9345a104,sanskrit,उत्तरा
pk_1470071c8bcf0afc,sanskrit,निकार
pk_1483397d89373d75,sanskrit,गुरुक
pk_1488c18698321468,sanskrit,तुलना
pk_14a5cb2e7ddde686,desi,-
pk_14ac349699842991,sanskrit,घृत
pk_14c83cbf370dcbfb,desi,-
pk_14dd3e65f8804b71,sanskrit,अनारक
pk_14f05aebf0b97c4b,sanskrit,कनक
pk_14f8a22ab42e236d,sanskrit,निरपवित
pk_15466c18942bcc13,sanskrit,अस्थाद
pk_156189d019e18958,sanskrit,निला
pk_157f533c4eeb8eac,sanskrit,क्षिल
pk_15860a81dfa235a9,sanskrit,आवृत्
pk_1589a0157f16a5d0,sanskrit,त्रिस्त
pk_15944a7de8e6a637,sanskrit,चर्पोटित
pk_15a67e2b35531e4c,desi,-
pk_15a96dd1f340888a,sanskrit,अमुच्
pk_15cdb06be7589cad,sanskrit,आभेष्य
pk_15d23df0b7f5dbe3,sanskrit,कुलश
pk_15f7ef0d1c6aca0d,sanskrit,आश्व
pk_15f98c7736b7144a,desi,-
pk_15fb1a13052752c9,sanskrit,चित्या
pk_16506959dd156ee4,sanskrit,अमुक्त
pk_166319d90e3e81fb,sanskrit,निरवेर्ण
pk_169105a3775135e4,sanskrit,उद्थित
pk_16995d5a2f0611d9,sanskrit,अत्रेय
pk_169ca8a27c2ea936,sanskrit,अकातिक
pk_16a6a62e9cfbc4b0,sanskrit,निरवसिन्
pk_16a7f0e260295e5e,sanskrit,ईरित
pk_16b76588314e2159,sanskrit,आहित
pk_177ab67c9858597f,sanskrit,अपवृत्त
pk_178a71d937b7fa5d,sanskrit,गोणिक
pk_17ad02e8a7709d6a,sanskrit,उपत्ति
pk_17d200980565e71b,sanskrit,कुहक्
pk_17f924d88db28cbe,desi,-
pk_180c456ea3c7d126,sanskrit,जूषणा
pk_180f5d11165451ce,sanskrit,कर्षिन्
pk_181239225db8a12a,sanskrit,चावित
pk_185724a3785e0fcf,desi,-
pk_186bc67fcb3e42cf,sanskrit,किमित्त
pk_187ad01ec5770ce5,sanskrit,अनारक
pk_18800359bfbd835a,desi,-
pk_188b9722c727593c,desi,-
pk_18a209804f2bf39e,sanskrit,खात
pk_18a5641e5eed0aab,desi,-
pk_19019b3e9a357e29,sanskrit,उदुन्द
pk_193745a66b0a3846,sanskrit,कृष्टि
pk_195032978990864c,sanskrit,निष्करित
pk_1952624f3b316c12,sanskrit,निवृत्ति
pk_196e83d7b8c81312,sanskrit,घोषण
pk_1992af2bbadef9d6,sanskrit,उपली
pk_199e6b97d1a0aaca,sanskrit,योधार
pk_19b7d5bbb6e8941c,sanskrit,नातु
pk_19c37160b0232c25,sanskrit,उष्ट
pk_1a0a1d9caec46c7f,sanskrit,आवस्
pk_1a0f1bb1a9f1c040,sanskrit,नीराह
pk_1a38a2927cc29af1,sanskrit,निर्वाजित
pk_1abafbd14a4af42a,desi,-
pk_1ae2195cba2ac39e,sanskrit,उष्टान
pk_1ae4ac02fa9520b5,desi,-
pk_1ae5b899d7bfdbbc,sanskrit,उत्स्तुभन
pk_1b050bfb9a9df471,sanskrit,नहन
pk_1b0515ae0999b6b2,sanskrit,अघ्रातिक
pk_1b1d3e2bd8378cf8,desi,-
pk_1b2ebe0385cdc304,sanskrit,गहित
pk_1b41cdb255d203b4,desi,-
pk_1b5178ece8d6d415,sanskrit,अवमुद्भक
pk_1b7d11a176d2c9bc,sanskrit,उत्त
pk_1b817d22615daf65,sanskrit,उपव
pk_1b8d83fcda516c1e,sanskrit,उत्किप्तक
pk_1bae766e2d7bca2c,desi,-
pk_1bb40014f110d287,desi,-
pk_1bbf43a6e918ef47,sanskrit,इन्दिन्
pk_1bc71fcd7f76b25b,sanskrit,उष्टादित
pk_1be3c6d9b37cb893,sanskrit,कञ्चना
pk_1c072c93a3b83669,desi,-
pk_1c51f1e407cb3a95,sanskrit,निराहिन्
pk_1c547a814a3dbedb,sanskrit,निर्लेपित
pk_1c5c8533b0dcf9f9,sanskrit,निर्वृत
pk_1c62a1da38cc116e,desi,-
pk_1c6fc39cb0deb562,sanskrit,आवर्तित
pk_1c7b33b1c661709a,sanskrit,अभिर्वत्
pk_1c8627ba1199d329,sanskrit,निर्वोद्ध
pk_1cb4dbff52915c22,sanskrit,उपलापत्त
pk_1cd834e702c76854,sanskrit,आवमिक्र
pk_1ce266b4d45316bd,desi,-
pk_1d04b992a0b86096,sanskrit,कृष्ट
pk_1d109b94c54b8b08,sanskrit,अवधेय
pk_1d182e250057ef3a,sanskrit,उपवर्तित
pk_1d407829dd1e3915,sanskrit,उत्सित
pk_1d51281cf2aa69bd,desi,-
pk_1d6eb4932d12ba01,sanskrit,कुमार
pk_1d93152c7731b4bf,sanskrit,चित्रित
pk_1dd5317f1f563a51,sanskrit,नासा
pk_1ddea7f77127c574,sanskrit,ज्योत्स्व
pk_1de294c3de49c008,sanskrit,उत्तरित
pk_1dfb84c57a5913f7,sanskrit,असभा
pk_1e043afd6cd68a52,sanskrit,च्यवन
pk_1e0732d201afdc55,sanskrit,क्षुराणिक
pk_1e1e5c8759b5c2ce,desi,-
pk_1e1f6e6e661d902a,desi,-
pk_1e2c42ace6f269d5,sanskrit,अर्ण
pk_1e3e6a14d3235eb4,sanskrit,अपवृत्त
pk_1e53fcbd514d86c2,sanskrit,चयन
pk_1e592e4961935bcf,sanskrit,क्रेशिन्
pk_1e63c680dc241d2e,sanskrit,अभ्युपलका
pk_1e6d8a78e8668059,desi,-
pk_1e727ee84d0d22cc,desi,-
pk_1e73d2dfd4248cfa,sanskrit,आतापन
pk_1e8736846060ad6e,sanskrit,उपभु
pk_1e9af2f43865851b,sanskrit,एकन्दिक
pk_1e9fd946e2aa0617,sanskrit,अम्चिक
pk_1eaddd72bc119ec9,sanskrit,काय
pk_1ec51611f7dd1d14,desi,-
pk_1ec92e1c47971f4c,sanskrit,अध्यन
pk_1ed22f07d2ccb72e,sanskrit,उद्घानित
pk_1ee4dd83de18eb4d,sanskrit,छादनिका
pk_1f01b1301f59dcf9,sanskrit,कोटित
pk_1f0b94cc06e327f5,sanskrit,आभिबोधिक
pk_1f0deee33527bfe8,sanskrit,योधय्
pk_1f52be9d5d60c57d,sanskrit,निच्छविन्
pk_1f5441bf4992a877,sanskrit,उपहोरय्
pk_1f63fc73fb308d54,sanskrit,अनियत
pk_1f99f4526e4b962f,sanskrit,अध्यव्य
pk_1f9bbf366470c7e0,desi,-
pk_1fa461e737ed503b,sanskrit,अर्ण्
pk_1fb21595e37a268c,sanskrit,घर्ष
pk_1fcfb57f4552f9a1,sanskrit,अवलुण्डितृ
pk_1fd0a0ced6389869,sanskrit,जित
pk_1fd64019ab0d157b,desi,-
pk_1fddde80df5466ad,desi,-
pk_1fe408023bb758ff,sanskrit,उन्त
pk_1fe5b351bdc44f9e,sanskrit,क्षिल्
pk_1fefbae4a1106d56,sanskrit,नट
pk_200872f18afb04fe,sanskrit,स्थित
pk_201446718908140b,sanskrit,कच्छोद्र
pk_2018736085845333,sanskrit,निवदि
pk_201990e368b36796,sanskrit,चिन्त्रिन्
pk_203678335d446123,sanskrit,कुट्टम्
pk_203d6057a1c546ea,desi,-
pk_204d0523a489706f,sanskrit,अभेयक
pk_2056fb18940fe81f,sanskrit,क्षित
pk_205f7173bafd29b6,sanskrit,कोलाट
pk_208ff9234c3bd430,sanskrit,निर्वसिन्
pk_2095ac9971a2114c,desi,-
pk_2096ba3a634fbfdf,sanskrit,उपातित
pk_20c317147cb1245b,sanskrit,कुकु
pk_210bdefc0b49e2f9,sanskrit,ग्रहिणी
pk_210d201cef0f76d9,sanskrit,कैर्षिका
pk_218e726dec1f27bb,sanskrit,उदित
pk_21943b279aba485a,sanskrit,तर्य
pk_2198b734d2517374,sanskrit,छादिी
pk_219dd12f8ba3c313,desi,-
pk_21b30b6897c2ea00,sanskrit,चित्यल
pk_21bbf6c2d8c8b7c4,desi,-
pk_21cbd1174dcb8d20,sanskrit,गाणिनी
pk_21d355bf5fe375a0,sanskrit,अरे
pk_21d368206424ac09,desi,-
pk_21db7f811f29f233,sanskrit,निध्वन
pk_221351f8eff920a2,sanskrit,त्रिशम
pk_22252eeb69a0fb69,sanskrit,अवल
pk_2228fe91b39faaa1,sanskrit,उपध्विन्
pk_2246c0f20375343c,desi,-
pk_224b94051fddc59e,sanskrit,अशुङ्का
pk_22555e1620c11627,sanskrit,अर्णिका
pk_225e2d01adfed6f4,sanskrit,चर्मना
pk_226b85c5e8e5a68e,sanskrit,अहो
pk_2270689fb12c83b1,sanskrit,कालित
pk_22920b78aac33f44,desi,-
pk_229356f6775e6efd,sanskrit,अज्ञा
pk_229d0b3e41047556,desi,-
pk_22a9b29841199ba5,sanskrit,निच्छविक
pk_22b4fa438c38d852,sanskrit,आश्व
pk_22b88817049e621e,sanskrit,निभवित
pk_22cbe36d63308412,sanskrit,अनारक
pk_22cf1c1b3ef1c309,sanskrit,उपवृत्त
pk_22dcdda515206531,desi,-
pk_22eeee362a20c6da,sanskrit,गोत्तिन्
pk_230c8b5eb8fbffb7,sanskrit,काक
pk_2318f82c71efc7f8,sanskrit,आधर्यित
pk_231e42b03b93841d,sanskrit,तमिका
pk_2336403a46e26bfb,sanskrit,कोटिन्ना
pk_2359f2c2eab6a3e7,sanskrit,अर्गिक
pk_235d0410ef1e22d4,sanskrit,अभञ्जना
pk_23834556dc65f6a2,sanskrit,आलायित
pk_23a39577fc0c5fcb,sanskrit,अतिर
pk_23ecde1cf2a45ce7,sanskrit,कुमिनी
pk_23f2dcd58ef9b1af,desi,-
pk_23f36f9acad06a4b,sanskrit,एषित
pk_241f0009b98a7350,desi,-
pk_24212979836a82fa,sanskrit,उद्दग्र
pk_245003d6b469abec,sanskrit,आपित
pk_2456d8f9bc425ef6,sanskrit,कर्जिन्
pk_2478e02027d4706c,sanskrit,घटी
pk_24962b71b7ecade5,sanskrit,आलविन्
pk_24a33f26171adf25,desi,-
pk_24aea9e20bdc2807,sanskrit,एवस
pk_24bfee8667df1bb1,desi,-
pk_24cb1d3ac81abfc9,sanskrit,छदित
pk_24de661d6e6c2834,sanskrit,घोरि
pk_250d5915c5513ea0,sanskrit,चिरिन्तृ
pk_25144aee68273593,sanskrit,चित्रि
pk_25442d5ded07bc8f,sanskrit,खालित
pk_257abb6be0a499f3,sanskrit,तुला
pk_257f9588eb36d6f0,sanskrit,जूरित
pk_25ae6bc47f6f5d28,sanskrit,अनष्ट
pk_25b6ad9aa87b29ff,desi,-
pk_25cee1036c33281e,desi,-
pk_25dfb014fc972128,sanskrit,न्दानी
pk_25f2334470309646,sanskrit,उद्घातय्
pk_25f509bdcb3ff591,sanskrit,यूलक
pk_25fa229eee849567,sanskrit,चित्यापनी
pk_2617a3f9bcc2989f,sanskrit,जन
pk_262855d09fbe48dc,sanskrit,निर्व
pk_26589c9acce61ce3,sanskrit,कीलित
pk_26636fbcc880f20f,sanskrit,आलवन
pk_2668953fc3c41600,sanskrit,उपक्रेव
pk_26753abe151d3b07,sanskrit,स्था
pk_269456057cad9a3e,sanskrit,क्षिरी
pk_269737a21908c665,sanskrit,निह्
pk_269802ce2b5d4907,sanskrit,स्थित
pk_26af9ce87102adbd,sanskrit,आकुट्
pk_26be84969e995eb3,desi,-
pk_26c34f1e4ef65ab6,sanskrit,तामिल
pk_26c515917407d8e0,sanskrit,जीत
pk_26cfcc78ef44abac,desi,-
pk_270fac2c97b72610,sanskrit,तायिन्
pk_271a7503ddb237c4,desi,-
pk_273c68048e63d51a,sanskrit,चित
pk_273d7cca18d19656,sanskrit,अर्थीय
pk_276032fa8fa0394d,sanskrit,अर्घा
pk_276f004be2272e0c,desi,-
pk_2770253d3108830c,sanskrit,उपवर्तित
pk_278d09891d900d2a,sanskrit,आवर्तन
pk_2793a4d9642f1f11,sanskrit,तर्कार
pk_27a44f9a55976281,sanskrit,काक
pk_27b8354de15a4350,sanskrit,कानीन
pk_27e41334e028e52e,desi,-
pk_27eb5e98cc5d756c,sanskrit,आटाप
pk_2815597ccd44bfb7,sanskrit,अशङ्कु
pk_28478d56b7c9604b,sanskrit,अभिरम्भित
pk_2861486b18ac46b2,desi,-
pk_2878071b98e7219e,sanskrit,उपहि
pk_28905d25b7fc02dd,sanskrit,आवर्ति
pk_28ba279cf3f4b554,sanskrit,अव्यगीत
pk_28ca27bc53decf74,desi,-
pk_28ea9149d93e7fac,sanskrit,निर्वृत
pk_28ed88cb42b9945b,sanskrit,अन्तेङ्गिक
pk_28f570d7599ef90e,sanskrit,कवेश
pk_28ffb4f6408bfc07,desi,-
pk_28ffe6477023a484,sanskrit,अञ्च्
pk_2939e225d9c55006,desi,-
pk_29731bee9bbf99a0,sanskrit,अला
pk_299c8823568d81d4,desi,-
pk_299d98cbbc431d92,sanskrit,कूटिक
pk_29b09c759f5327ad,desi,-
pk_29e310aab6fd391d,desi,-
pk_29ec8c6dec11a13a,desi,-
pk_29f544fe7400e2a2,sanskrit,निर्वाण
pk_2a24835b767f85c2,sanskrit,निर्वाप
pk_2a54283226dcf1cc,sanskrit,अष्टब्ध
pk_2a69e0cc9dfd13d5,desi,-
pk_2a831a705a055af3,sanskrit,निवृत्तिन्
pk_2a99b75a96a2bfc7,sanskrit,अनिका
pk_2aa21f518c4d9d31,sanskrit,गणिका
pk_2ab84a8d1f43a3d7,sanskrit,आचरित
pk_2ac5146b401b62b8,sanskrit,घर्षित
pk_2ad67a8d58ebf693,sanskrit,अभिरुद्धिक
pk_2aec4422f2466c6c,sanskrit,चितूटि
pk_2af23b75684c0117,sanskrit,निरीह
pk_2b4daf5388bb4e4e,sanskrit,कथा
pk_2b7926659530a63d,sanskrit,स्फाट
pk_2badef7e6c3efd93,sanskrit,अनुप्रभाव
pk_2bd995be4208b9db,sanskrit,अपवटन
pk_2c308ee71195d772,sanskrit,तिरङ्गिनी
pk_2c3632eba3d9c49b,sanskrit,उत्पीडन
pk_2c47c58f50b49b1e,sanskrit,अर्गिक
pk_2c629adeb1c15b69,sanskrit,छादुख
pk_2c6602eaddf6cb77,sanskrit,उपल्लिप्
pk_2ca0440831e6600b,sanskrit,निर्वरण
pk_2cc74d78d9e9b369,sanskrit,निर्मी
pk_2cd07be199a000bf,sanskrit,गरट
pk_2cda2665b0787f5f,sanskrit,क्षेप
pk_2cdb310e4da86006,desi,-
pk_2d14442eb759e5dc,sanskrit,निवादन
pk_2d18e83ba0b3984c,sanskrit,त्रोशिल
pk_2d1de8a6332f6cfb,sanskrit,यूपित
pk_2d3d74622036024a,desi,-
pk_2d3ebc35b9d3010e,sanskrit,त्रासुर
pk_2d51452ee2b52b5c,sanskrit,खज्य
pk_2d5bbe0731f32cef,sanskrit,इन्दिरा
pk_2d8a524a2cc9385e,sanskrit,तीर
pk_2d98e18671f8b6dc,sanskrit,उड्डित
pk_2dadcf00c4352705,sanskrit,अवहत
pk_2dc2aa5d91010282,sanskrit,तुडित
pk_2ddbc0f089c673e4,desi,-
pk_2e06de67ba8c8579,sanskrit,अवभूत
pk_2e143616bd456cc1,sanskrit,कित्रण
pk_2e170ea7c3f98356,sanskrit,निरपित
pk_2e1ef47b67be5a94,sanskrit,उपल्लिप्
pk_2e42acc7c3d706e4,desi,-
pk_2e46f058a64f38fd,sanskrit,निर्विन्
pk_2e5a4a465cf06a77,sanskrit,अनियत
pk_2e618f0087d92740,sanskrit,चर्मित
pk_2e6300779b6e37a2,desi,-
pk_2e87de02c8b30954,sanskrit,कान्तय्
pk_2ea92d84be7db52c,desi,-
pk_2f17aed7c56ab1ab,desi,-
pk_2f2fd7f8c3a8b2c8,desi,-
pk_2f50d217b28ad298,sanskrit,उपरवर्तिक
pk_2f5bdb61e2dfa7dc,sanskrit,अध्यापद्या
pk_2f8142c047684ea1,sanskrit,अप्रव्य
pk_2f845d04c993e71f,sanskrit,गृह्
pk_2f8a736a09fba81e,sanskrit,अवसान
pk_2fbf02b68c6490d8,sanskrit,आश्वेषण
pk_2fc618541fdc049f,desi,-
pk_2fd1b8a0a522a4f3,sanskrit,अर्दोदक
pk_2fed9d2a87cffd42,sanskrit,चावली
pk_2ff8b21d29a81697,sanskrit,अम्भर
pk_2fff9835b8e529dd,sanskrit,निर्युत
pk_301e3e497d290a0e,desi,-
pk_3045116ebfaa34fb,sanskrit,निक्षिप्तिका
pk_305832a6216861f6,sanskrit,निर्वृत
pk_3066da7fe2666a65,sanskrit,असुम्ब
pk_309c731deb1c0fc2,sanskrit,निर्पावन
pk_309e2063aa83077d,desi,-
pk_30a25453c1f39316,sanskrit,उपस्त
pk_30c64556e6163e80,sanskrit,उद्नात
pk_30f6582a43704a7c,desi,-
pk_311550fedfaed124,sanskrit,कुटीर
pk_311d7346eb1a7aea,sanskrit,उत्सादितृ
pk_3139331bde052a35,desi,-
pk_3151586809bd73d8,sanskrit,कीलित
pk_3156de7ffd438ddc,sanskrit,अभिक्षोभित
pk_315f0ecc3ceee8cf,sanskrit,आकुट्
pk_316800931e9ef235,sanskrit,घर्षिन्
pk_31ac121783b48f68,sanskrit,त्री
pk_31da0afa43c73ec6,desi,-
pk_31e490c71ab9ca07,sanskrit,निरवसिन्
pk_31eae8026eecb4ec,sanskrit,गजन
pk_31f0a56c7da07945,sanskrit,अकाम
pk_32299597635bb9fe,sanskrit,अम्च्
pk_322bffffc98ce0d3,sanskrit,अतिभात
pk_32337ba397b26fa1,desi,-
pk_3246aae9a8b44e65,desi,-
pk_326fd70c69a0ac21,sanskrit,अतिक्रम
pk_327a0ddfd53e4dc6,desi,-
pk_32aa97ad20747fe6,sanskrit,उपवर्तन
pk_32b634c2e36f1dc9,sanskrit,अवली
pk_32c4c86136e44f8b,sanskrit,कुण्डरक
pk_32d939f9439973d4,sanskrit,निवस्
pk_32debfedfc8424d4,sanskrit,अभिक्षुक
pk_330dcb43b2367c4f,sanskrit,कर्थेरी
pk_330f3faa8bdff36c,sanskrit,अपोट
pk_331b447b42e59f35,sanskrit,गुध्गुली
pk_332cabf42efe8468,sanskrit,कृष्ट
pk_3387b90bb99a720a,desi,-
pk_338a6c14c6ddf819,sanskrit,आचक्षित
pk_33910684ffa0e9d0,sanskrit,इन्दिन्
pk_339d565b6a5a131c,sanskrit,जयिन्
pk_33abcc245381d69c,sanskrit,उत्कोहन
pk_33b3fc69a6788373,desi,-
pk_33b95edcd54ac02a,desi,-
pk_33c0a747c56bbfc8,sanskrit,एकन्तिक
pk_33cab108bf441187,desi,-
pk_341ed835cbbc58cb,sanskrit,चञ्चित
pk_342c438d286bf62d,sanskrit,कुमरा
pk_343afb56f8bc01ae,sanskrit,यूष
pk_344ccd7c1881f4f6,sanskrit,उल्लितृ
pk_345ca727921c2492,sanskrit,आम
pk_347c54b77b3ec0d7,desi,-
pk_34aee150e73c9694,sanskrit,गुरुल
pk_34d1d790581e4eae,sanskrit,उपवीर्
pk_34d39e9c75629326,sanskrit,ध्याना
pk_34d4704496a2fd98,sanskrit,चवचल
pk_34f712e80e4edeb4,sanskrit,उन्मात्ता
pk_350189a2f194918e,sanskrit,क्रेशी
pk_351522c64d9658fa,sanskrit,नियज्
pk_3538508819a690bb,sanskrit,गह
pk_353ccd49a024fd3a,desi,-
pk_353e0d921cbfc1f6,desi,-
pk_354a1d68785b682a,sanskrit,कम्
pk_355464d163c1f498,desi,-
pk_35676201b3a9d7eb,sanskrit,अप्रभटल
pk_356f8832dafb61c0,sanskrit,दोहल
pk_357b2993e8b9ae12,sanskrit,गारणी
pk_358e0dea523e4fc0,sanskrit,ताङ्गित
pk_35a0ae4918f61746,sanskrit,उपतित
pk_35ad7bf52487ff6c,desi,-
pk_35c3f1727e8e78c5,sanskrit,नियेपय्
pk_35d2ba03cef711a4,sanskrit,निर्वारणी
pk_35d9b015c6284ed8,sanskrit,कुश्मास
pk_35e385ee2aecb451,sanskrit,उपह्
pk_35f2cce5b6ae78b6,desi,-
pk_36073f954337c464,sanskrit,अजित
pk_361d64563336497d,sanskrit,निर्ह्
pk_36240a19c86d4b3f,sanskrit,आविदा
pk_36323754b8a33975,desi,-
pk_36925637c4b1bbd1,desi,-
pk_369850f09f058a4f,sanskrit,अभिषावित
pk_369940835701bff3,sanskrit,अध्यापन
pk_3699c4f0bb23eff0,sanskrit,निवास
pk_369d018707092fab,sanskrit,जामिनी
pk_36a8acbcc61d2adc,sanskrit,अनुमित
pk_36d10a3dc04aa8b5,sanskrit,तापना
pk_36d262787a83c2e9,sanskrit,चीक
pk_36eb4d1427a1a55f,sanskrit,निर्वाहित
pk_3701125019ba7c5a,sanskrit,तन
pk_37082c26ad42a011,sanskrit,अतिद्
pk_3709b78dc55f6eb6,desi,-
pk_37326b58d0b39e30,sanskrit,चट्
pk_37481058bd772fd3,sanskrit,चिध्व
pk_374b9fabcfbe501f,sanskrit,घरङ्गण
pk_375a67a5b0e5404c,sanskrit,कर्णित
pk_375d1d84413c1f3a,sanskrit,अशंसिका
pk_376c1a4c4618b038,sanskrit,गोत्त
pk_37a92154d2cbb3d1,sanskrit,अभिबष्ट
pk_37ab581f28ba449d,sanskrit,गन्धित
pk_37ae223b219692b9,sanskrit,यन्तिकी
pk_37f068450611d314,sanskrit,करक
pk_38120e212ac1f4e0,sanskrit,अभ्यत
pk_38211275b4c4a216,sanskrit,अभिनविधित
pk_3827af977ab2dc0a,sanskrit,निरकरण
pk_382cf9bd127d8de8,sanskrit,त्रिस्त
pk_383502bcab4f069a,sanskrit,उद्भान्त
pk_3852545f7aeb9f0e,sanskrit,निर्वासन
pk_385baf445847f5f9,sanskrit,तुडिका
pk_385d181b23f97836,sanskrit,उपद्
pk_38b0eada21ccecca,sanskrit,आहिन्
pk_38b1480fd6ca95a2,sanskrit,कपि
pk_38d200552faf0f48,sanskrit,अकार
pk_38d84ce64c127a7d,sanskrit,अध्यार
pk_38df132bf8942584,sanskrit,निर्वादित
pk_38e433b0d0321cec,sanskrit,गुन्दिक
pk_39056fa5a6b23003,sanskrit,काञ्चित
pk_39076874efd32710,sanskrit,उपस्थित
pk_39212cb225d8e922,sanskrit,अर्गलिन्
pk_3972a0901a5626a7,sanskrit,गुहम
pk_397cb4ea335de98f,sanskrit,अवमानय्
pk_397fc8021e71ea45,sanskrit,अधिग्रह
pk_39811bb0885d1378,desi,-
pk_398956ca6252dd0c,desi,-
pk_398c996d61a8e30d,sanskrit,कर्मार
pk_39b2639f7a8b7c9e,desi,-
pk_39cde27a0c74d8aa,sanskrit,अभिव्युक्त
pk_39d2416057ef672a,sanskrit,कथाम्
pk_39d434078663879c,sanskrit,अच्चलित
pk_39da394e7aa0abd9,sanskrit,उत्तारक
pk_39dabd4585b67b21,sanskrit,चिकित्रान्त
pk_39e33580fdcb167f,sanskrit,खार
pk_39ee428a5d9f1ead,sanskrit,उत्साद
pk_39fbfaa814701a77,sanskrit,गोषित
pk_3a1e79e40ebeacd2,sanskrit,निष्कृत
pk_3a24f0ac22d3c87f,sanskrit,काया
pk_3a2b04a221b7fb83,sanskrit,जूरण
pk_3a35fd23a46f5968,sanskrit,कान्त
pk_3a4b2e6f61d7b9f9,sanskrit,आलक्त
pk_3a525f8a4db91c77,sanskrit,कथित
pk_3a60f5ec28b334d8,desi,-
pk_3a68503cf8c784bc,sanskrit,अपेत्
pk_3a7caffce3501b6a,sanskrit,उपस्तुप्
pk_3a7fd824a4f1860d,sanskrit,अवटन
pk_3a8f947cc72324f0,sanskrit,छुरण
pk_3a9889ab61c9feac,sanskrit,चन्द्रय्
pk_3ab3a1911dd6e087,sanskrit,अग्रेय
pk_3abdcbb81e0908a7,sanskrit,अभाव
pk_3adbc8be91b1410b,sanskrit,निवर्तन
pk_3af1154eafd08dfa,desi,-
pk_3afebcfc13ea3594,desi,-
pk_3b0895b61a3f8804,sanskrit,कुवण
pk_3b09ff033d66190d,desi,-
pk_3b4f67b7bb96412f,sanskrit,उपद्
pk_3b52acaaa6f989f2,sanskrit,छुर
pk_3b5c19f99782fc93,sanskrit,आजा
pk_3b5db6e0f67e9dfd,sanskrit,कुदम
pk_3b7ad32d37956509,sanskrit,अगारिन्
pk_3bc4d29003cfc9fb,sanskrit,अभितुण्डिक
pk_3bdfb5f8449aaefc,sanskrit,आदिका
pk_3c3ddb3d6607989f,sanskrit,अर्गल
pk_3c7a3c939ebb082f,sanskrit,आवसनिका
pk_3c7dd21776b164db,sanskrit,निवस्
pk_3c7fbb10b7c3bbca,desi,-
pk_3c8270ad2384ca6f,sanskrit,कपिटिी
pk_3c8b6b7ef39d166d,desi,-
pk_3c998d99ac482b24,sanskrit,कर्मण
pk_3ca739c870060f02,sanskrit,निराहीक
pk_3caca9b4711bcfcc,desi,-
pk_3cd2525f9042000d,sanskrit,निर्विणी
pk_3ce88e956fb98384,sanskrit,गोधिक
pk_3ce8f21730a8cc35,sanskrit,उड्डुत
pk_3d1454a168eb5cc1,sanskrit,निवर्तित
pk_3d26bcc63fc4de84,sanskrit,कुलिघुि
pk_3d2df4dd0d53cbae,sanskrit,आकुट्
pk_3d6434c5e8871d90,sanskrit,अभ्रास
pk_3d7a12cf540e63c6,desi,-
pk_3d81bf38662bd470,sanskrit,निर्वल्
pk_3db79f94fc0fd581,sanskrit,गवहि
pk_3dba02858832e852,sanskrit,कुम्बक
pk_3dbf5f16e5405b18,sanskrit,किटिक
pk_3dc274a3876426c4,desi,-
pk_3e078463ffa5f1c0,sanskrit,निश्चुनी
pk_3e2d824bcdf08375,sanskrit,कवणिक
pk_3e35c1f3929d928d,desi,-
pk_3e463e4191d3d5e3,desi,-
pk_3e567457e3f49e89,sanskrit,उत्ताटय्
pk_3e6e931d11a702de,desi,-
pk_3ea260cf7dd434fa,sanskrit,तनक
pk_3eb9e72a778ab658,sanskrit,अश्वेषण
pk_3ef1358fdbe4fad5,sanskrit,अनुक्त
pk_3f29866ddbabcb9d,sanskrit,एवान्त
pk_3f4da4ae8c3165e9,sanskrit,चोकुल
pk_3fca5871e7885a2a,sanskrit,निष्ठविन्
pk_401e8de5e2ca54b4,sanskrit,गम्य
pk_403a0a9a8a674bcf,sanskrit,चित्य
pk_404e36c1f1a6bd03,desi,-
pk_4062d2fd608d8425,sanskrit,अजित
pk_4065736e6b597e1e,desi,-
pk_406cb5176d4a1222,desi,-
pk_4073cd8e430cd028,sanskrit,अन्यायित
pk_408b06b443ecedff,sanskrit,निरापिन्
pk_4094f3556f22e8a8,sanskrit,उपसावय्
pk_40a2df25c7a37bcd,sanskrit,अभिसृत
pk_40a8bfbcbc086edb,sanskrit,आली
pk_40edf16ca9058d33,sanskrit,आताप
pk_411fe2fc6e195084,sanskrit,आवासिन्
pk_41270ac81adac7d1,sanskrit,घृत
pk_4138e138d51ccb40,sanskrit,अनियतन
pk_41485d4e867b76a1,sanskrit,निष्कृष्ट
pk_415aa675642fb583,sanskrit,यूत
pk_4161427f73b64eeb,desi,-
pk_41767c2182aea2a3,sanskrit,क्षदूरण
pk_418fe44731e89b4b,sanskrit,अपसर्पित
pk_41b02169b903791a,sanskrit,अक्षुभ्
pk_41cc88bb12084641,sanskrit,न
pk_41fe2fc5021ef349,sanskrit,उन्त
pk_422c0f21f2d2c8e4,sanskrit,अम्भर
pk_423e208f3e025b2d,sanskrit,अवसारित
pk_424aef868868cbea,sanskrit,अवसर्य
pk_4251ff5733e2ee63,sanskrit,निर्घाव
pk_4277165600a38d0d,sanskrit,कोष्ठिका
pk_42a6639dade300a2,sanskrit,नन्दरक
pk_42c7c4a235cf5de1,desi,-
pk_4301323499a0b42f,desi,-
pk_430e7abf422fa526,sanskrit,तार्ति
pk_434dd0f5bb77e277,sanskrit,अनीत
pk_434f9e08bb74eac0,desi,-
pk_4363c44fae1d4211,sanskrit,निष्पुष्ण
pk_43900a0f254423ec,desi,-
pk_43c9ab145a17a497,sanskrit,तामस
pk_43cacca046f3b953,sanskrit,न्दालिन्
pk_43d022afdc365af6,sanskrit,निकुञ्चित
pk_43d4c3052f9cddb3,sanskrit,अग्रहणिका
pk_43e1b3c64aedd71f,sanskrit,नाह
pk_43e4c5bec827cf9a,sanskrit,जास
pk_4425eef2698d1e7f,desi,-
pk_44484f64cd3e3987,sanskrit,अमुषा
pk_444ac21b735e86a5,sanskrit,उपरम्
pk_445c0fd1de7c79c1,sanskrit,चित्रित
pk_447a268a2549d57b,sanskrit,आतापिका
pk_449003306c6e9139,desi,-
pk_44efb9f52630fd85,sanskrit,उत्स्तृ
pk_44f43a8b78d18d00,sanskrit,चित्रित
pk_450913ac47490134,sanskrit,घोरय्
pk_451a238b197fe2f9,sanskrit,क्षीरूरी
pk_45247a0361936103,sanskrit,उत्स्त
pk_4534075c3fcaddc0,sanskrit,नी
pk_453bb1985de8edfa,sanskrit,खन
pk_453c363fa718e403,sanskrit,उपवृत्त
pk_45551533b66f95be,desi,-
pk_455789a2ac9d3035,sanskrit,चालना
pk_458c658b45116fe6,sanskrit,कुपका
pk_45a6257d4106b416,sanskrit,अनिमिषण
pk_45c1ef4c3005cf79,sanskrit,उपकृत
pk_45d19ccaeb073dcb,sanskrit,उलाल
pk_4612f416651401af,sanskrit,उत्स्थारय्
pk_463bfcbea0b8bc64,sanskrit,अकङ्क
pk_464553055c8aabb1,desi,-
pk_465ab861758300f1,sanskrit,घुघुत्
pk_4660059a9ffd30c6,sanskrit,तपित
pk_4671e2646344dc8d,sanskrit,अनुद्भात
pk_46749f868a5e8bab,sanskrit,अटाटक
pk_467d41bee88b3c00,sanskrit,अक्रेहम
pk_4687fcc5fb1568ae,sanskrit,जाम
pk_469ad908cca01ce1,sanskrit,अशंस
pk_469ddd9b375ea4b0,sanskrit,अनायिक
pk_46a3cf2255fb51c1,sanskrit,त्रिहि
pk_46c02e3218c13923,desi,-
pk_46daf68f0436e49e,sanskrit,अनुग
pk_471a1be7bf86b098,sanskrit,तुरिन्त
pk_471c3e42d3561b6e,sanskrit,आश
pk_47467464ecdc6a43,sanskrit,अनमर्षित
pk_47522dc8791161a1,sanskrit,चिन्तिका
pk_4758d7f4a5b20d05,sanskrit,अर्णूत
pk_475cf9b5acd8f9ff,sanskrit,कङ्कलिन्
pk_477198f0efef36c1,sanskrit,क्षपणा
pk_479f163b2cf1778e,sanskrit,ड्डरिल
pk_47a0b201f5db464f,sanskrit,आवेशित
pk_47b18fb7189019db,sanskrit,कर्म्
pk_47b20d55766951ed,sanskrit,आवर्मिष्ट
pk_47bb2db2b4b454cc,desi,-
pk_47bf0544832fd0d5,sanskrit,उन्मात्रक
pk_47efa99e3d3ae342,desi,-
pk_47f20a7c5ebc01b6,sanskrit,क्षार
pk_47f72c4de8d3c137,sanskrit,त्रुषिक
pk_47fe13cd2bda1887,desi,-
pk_483b6c4a8cb59371,sanskrit,कोटक
pk_483ce6b8972698d6,sanskrit,क्षोत्रि
pk_48456f61dc0331e7,sanskrit,घोर
pk_485c2fed76bfdfa6,desi,-
pk_487f981c11ac3ad8,sanskrit,निर्वन्द्
pk_488d895e4ae4ff6c,sanskrit,निर्ज्
pk_48ac90238350ac57,desi,-
pk_48ae454da6f7c31c,sanskrit,आलपिका
pk_48fa896381a1c30f,sanskrit,ग्रन्थिम
pk_490da8e8b10a3ea5,desi,-
pk_4932d310f3dbc09c,desi,-
pk_49393c4fb833680a,sanskrit,उर
pk_49446782ef7bc267,sanskrit,अवगान्त
pk_494f5c6de78cec8d,sanskrit,आग्र
pk_49561c173ac51f17,sanskrit,यवगीवक
pk_495703d0033e61ad,sanskrit,अर्गिक
pk_4978ccf677d8aa80,sanskrit,गुरुल
pk_4989d2950dcfbb34,sanskrit,अतिक्रम्
pk_499a7fec38b40a71,desi,-
pk_499cdf0e00759b15,sanskrit,छुहाल
pk_49af9a1beca16362,sanskrit,अञ्चित
pk_49c34e7570c36d9f,sanskrit,कावेक्य
pk_49db780034b00f92,sanskrit,यूर्
pk_4a462a56587eed8a,sanskrit,त्रिस्थ
pk_4a47497c5e6283a4,sanskrit,उत्स्
pk_4a5039d22f6085f2,desi,-
pk_4a9305a55e45bd60,sanskrit,तक्ष्
pk_4abe3ffa6d6e170c,sanskrit,अङ्कुरित
pk_4ad69bebb8b64c7b,sanskrit,अवमर्द
pk_4adb0e96a73173ac,desi,-
pk_4b059acac37e5e83,sanskrit,उत्क्षेत
pk_4b11b5fedf6e4e0a,desi,-
pk_4b2471cfe327c2a7,sanskrit,निक्षीरण
pk_4b290c8a43ceb94f,desi,-
pk_4b374fe3b94b9017,sanskrit,अम्चित
pk_4b52436932c52761,sanskrit,यापी
pk_4b5e76fc9aa2cfef,sanskrit,उत्सृष्टित
pk_4b626e73881d76c5,sanskrit,अनुभाक्षी
pk_4b91b507f47d3d75,desi,-
pk_4ba6585c3fa1b267,sanskrit,आभोदित
pk_4ba930bcdb1aa35c,desi,-
pk_4bc307d5d5a6b1b1,sanskrit,अधक
pk_4bc428f89afdcaad,desi,-
pk_4bd405815e214914,sanskrit,गर्ज्
pk_4bd9415f1ec2819b,sanskrit,चौर्यापन
pk_4beabc4cfc23953d,sanskrit,गम्म
pk_4bf3b797c35c3f88,sanskrit,उष्टायिन्
pk_4bf9b358e9356420,sanskrit,घुघुघुष्
pk_4c129799b8505ce8,sanskrit,उपरम्
pk_4c21820e376f8cc8,sanskrit,निवृत्त
pk_4c3a4c6f244a2179,sanskrit,कृत्त
pk_4c3c8d968f0ef65e,sanskrit,करुहिका
pk_4c62f2a5a6795e8d,sanskrit,आचामय्
pk_4c6b7e8230a8eb0a,desi,-
pk_4c79ec3675f253ba,sanskrit,अहन्
pk_4cb53df5b561b824,sanskrit,तुहन
pk_4cb58a476ced4901,sanskrit,क्रम्
pk_4cc5787cee1ec8c2,desi,-
pk_4cf7544c79dca103,sanskrit,तादर्तना
pk_4cfa18bddf827f25,sanskrit,अयुजा
pk_4d18e553e10edee2,sanskrit,आभरण
pk_4d206c9595ab3172,sanskrit,अभिनीरामिन्
pk_4d40121362aed71d,sanskrit,उद्मत्
pk_4d7cb12f80747c27,sanskrit,उट्टिका
pk_4d8b5ffdd655702f,sanskrit,तपन
pk_4db8ed4f61947808,sanskrit,गण
pk_4ddcc6ccd2313438,sanskrit,निःश्वेष
pk_4df4ed9d56b2897b,sanskrit,जित
pk_4e170056de5e5c8d,sanskrit,अतिलुक
pk_4e1a379b9d357307,sanskrit,तपित
pk_4e4d5b5714ec7042,sanskrit,अध्यागिन्
pk_4e78d4d5f802f646,desi,-
pk_4e7e99a960fceeea,sanskrit,गोपासिका
pk_4e9e91bd656bc080,sanskrit,उपस्थित
pk_4ea256182e73bb27,sanskrit,आभियोग
pk_4ea2e756f7df7be9,sanskrit,अग्रमिन्
pk_4eb223f0d7c44aa7,desi,-
pk_4ecc47328e18812b,desi,-
pk_4edc30144d438398,sanskrit,तीरिक
pk_4f304af133d158a0,sanskrit,आभोगन
pk_4f54903dffbf6ffc,sanskrit,उपरुद्ध
pk_4f99a16d5215e3b8,desi,-
pk_4fa915856a213531,sanskrit,कृष्ट
pk_4fcb0f46405a28a5,sanskrit,निगृ
pk_4fd0e28f88e4ae98,sanskrit,अर्गलि
pk_4fe0ca684e866a24,sanskrit,केशिन्
pk_4fe4c38a25cd087a,sanskrit,नीत
pk_4fefbfb9c6d6e6b9,sanskrit,चित्रा
pk_4ff35f23c434d608,sanskrit,उपल्लित
pk_4ffcafc03e4516e7,sanskrit,कालित
pk_4ffe749857e7bcd8,desi,-
pk_4fff18126c89c238,sanskrit,योधिन्
pk_50176d88fafd7b57,sanskrit,अक्रुत
pk_501b4c409fc5f9f6,sanskrit,उद्ध्य
pk_505602092183366d,sanskrit,उदित
pk_507415fcb9563676,sanskrit,कुम्बल
pk_50785955cd01aab3,desi,-
pk_507a62a07af35d71,sanskrit,क्षरण
pk_5080f4c62660a5b5,sanskrit,तरण
pk_5096cf0535401e7f,sanskrit,आधावय्
pk_50c1da57d281533e,sanskrit,आश्व
pk_50c8090bd90de3b8,sanskrit,ग्राण
pk_50d64978edc12ae4,sanskrit,निशान्दिन्र
pk_50df78f26cdf9168,sanskrit,निर्तित
pk_50efb2f2fda18de0,sanskrit,कुला
pk_512cd32092bacccc,sanskrit,अतिरा
pk_512f3572496eecb7,desi,-
pk_51317dc3ae602341,sanskrit,उल्लविन्
pk_514365eaa39c3f48,sanskrit,त्रोशय्
pk_515c32da014ead38,sanskrit,यसा
pk_517a8fc89d415240,sanskrit,कौर्चिक
pk_517f3f014bbc4634,sanskrit,कुक
pk_51b04224590cb6f3,sanskrit,उपवेष्
pk_51b80ce5c1cf2a95,sanskrit,अभ्राङ्ग
pk_51bb5115295048d4,desi,-
pk_51ded9b3b86bea7d,desi,-
pk_5223c4c6a4dee2f0,desi,-
pk_5245550ea6b72e1f,sanskrit,अवस्तय्
pk_52778110983f4839,sanskrit,निर्वृत्त
pk_52842d799c50d1d1,sanskrit,अभ्रम्
pk_528565cd65b88ac3,sanskrit,तथ
pk_52857ee53497930f,desi,-
pk_5295ff7feeeffb98,desi,-
pk_529dd1c3ff83aed6,desi,-
pk_52b08a6fc66089d9,sanskrit,अपकार
pk_52c443038eac5fd5,desi,-
pk_52c5c00e2fb81a7e,sanskrit,आवस्
pk_52fa6ed397e280f5,sanskrit,घुलघुलघ्
pk_534571825087efb1,sanskrit,याहना
pk_5361999cf467f8e6,sanskrit,अल्डिन्
pk_536ef0f603d1dc18,sanskrit,उपर्वित
pk_53866a1c6abb621c,sanskrit,नारुह
pk_53d439ffca09b707,sanskrit,उपवृत्त
pk_53ee876baa125e89,desi,-
pk_540286f4d36694a5,sanskrit,उत्स्तल
pk_5439858956ecab4d,sanskrit,अपकार
pk_544bc021d70aaa84,sanskrit,आशेद
pk_545608685a2a7fca,sanskrit,चन्प्
pk_5457067eaecb58ae,sanskrit,अन्तेङ्ग
pk_5472f04dc7a42fa6,sanskrit,उत्कुरु
pk_5488c4c5307696c7,sanskrit,अपकार
pk_55205a84fa7f6e63,sanskrit,अभ्रेव्
pk_5532c70f3b7827f0,sanskrit,कटिका
pk_5549f5d64aa62137,sanskrit,निर्वेक
pk_5569c5c34426be25,sanskrit,अभयुत्
pk_55bf8f79e7b6d269,sanskrit,अवलहित
pk_55c578a18fcb42e9,sanskrit,नालिका
pk_55dc0a85c0fddac0,desi,-
pk_55ddba1d97f0b167,desi,-
pk_55f611014b62cc87,sanskrit,आधर्तिन्
pk_56059ea99696223a,sanskrit,अनालक
pk_560c3526f0776f83,sanskrit,ग्रह
pk_5657516b9ed0fa5d,sanskrit,अनाक्षिप्त
pk_565dfb0192e16a69,sanskrit,कर्मरिका
pk_56861fd1f0fc779c,sanskrit,आलित
pk_569af264c816ef88,sanskrit,क्षापण
pk_56b26f7d988160ad,sanskrit,उच्छ्वर
pk_56bde3c1107c58e4,sanskrit,निःश्रविणी
pk_56fbb4af9374c22e,desi,-
pk_57064633fb0fe0d3,sanskrit,कुमार
pk_5726844ff1ad9693,sanskrit,अवरुत्
pk_573bedada8f6c085,desi,-
pk_574d0e125584df38,sanskrit,काहय्
pk_5777397e998b8699,sanskrit,तुलना
pk_578388545014e020,sanskrit,निरीह
pk_578fccfb2b637ccd,sanskrit,कलङ्कन
pk_5794cb1c684f2827,sanskrit,चुचि
pk_57b6ce621db36bc8,desi,-
pk_57bd9639e9f5d60f,sanskrit,जीविन्
pk_57d2d3114419411c,sanskrit,कर्ता
pk_57e22b5b661799b7,sanskrit,असमरित
pk_57f6b3c6060cfacb,sanskrit,अवदन
pk_5810b3601d10ded8,sanskrit,उपक्रेतक
pk_5811fe02b8486eda,desi,-
pk_581b1bf6c75491f7,sanskrit,केशी
pk_582a8d10ba22ad5b,sanskrit,आया
pk_58310aacc6a76a8a,sanskrit,आजीन
pk_5844a8e4fc9db26a,sanskrit,कालीन
pk_585650baec4e4bc1,desi,-
pk_585b346a0a22a593,sanskrit,उद्नेरु
pk_585c8065ac1c3f90,sanskrit,अभ्रास
pk_5865cf96e4126295,sanskrit,उपकरण
pk_588090e44844fef1,desi,-
pk_58cb0a9353013737,sanskrit,निष्टुप्ट
pk_58dea4fe27aeac62,sanskrit,उपवर्तना
pk_58ffe05d87aed64b,desi,-
pk_59011f5ed67e981e,sanskrit,किरुष्ठिपत्तृ
pk_59113fd42cd1f058,desi,-
pk_591fe1c190f38598,sanskrit,चेति
pk_59343298868db7d0,sanskrit,कल्पिल्ल
pk_595ea06a214ce685,sanskrit,क्षोटक
pk_596fef3a3f608908,sanskrit,अध्यापय्
pk_5986f934336ce127,sanskrit,अनुद्धरण
pk_59a02a751564c091,sanskrit,उड्डी
pk_59a89e07062899fd,desi,-
pk_59ade15ab8a24905,sanskrit,लिष्
pk_59b2741e76cce52c,sanskrit,निर्वाह
pk_59b3421a9d732acd,sanskrit,निशेष
pk_5a043583d0af416e,desi,-
pk_5a111726eba64175,sanskrit,गरवणिका
pk_5a1ad22f0b11f3e5,sanskrit,कोपन
pk_5a299024e89aabef,sanskrit,अनुप्रज्ञ
pk_5a4a3176111c41e3,sanskrit,उपरुद्र
pk_5a5c030e423112f1,sanskrit,उपरोहित
pk_5a6d74034590cc1a,sanskrit,निर्मापित
pk_5a716771c26085c2,sanskrit,ध्या
pk_5a71d058ca3d9220,sanskrit,तुम्
pk_5aa9bad0be8aa79b,desi,-
pk_5ac8b5971cdb34e8,sanskrit,काढ
pk_5b09ef2424ff5d6c,sanskrit,निवसन
pk_5b1d1b356adead36,desi,-
pk_5b1f89c1241c81b8,desi,-
pk_5b263676bda60502,sanskrit,युष्ट
pk_5b6956015536dbd2,sanskrit,आभोदय्
pk_5b7af491f3a30383,sanskrit,आवस्
pk_5bb20d7f4ef11d83,sanskrit,आलित
pk_5be226490eb615b5,sanskrit,नियत
pk_5bfc0e8ac6758c86,sanskrit,कान्दोतिक
pk_5c19777223720439,sanskrit,अभिर्दित
pk_5c1d2e65e28c6e9b,sanskrit,अक्रिणी
pk_5c40c323b97b7d25,sanskrit,क्षामित
pk_5c51b38009b4d2c6,sanskrit,कश
pk_5c7a8acd3157b83c,sanskrit,नुच्
pk_5c8c249ede24e344,sanskrit,उत्सह्
pk_5cd1727638ccec30,sanskrit,अरित
pk_5cd963a70bf757bf,desi,-
pk_5cf0d27f9f03e85b,sanskrit,उत्टन
pk_5cffba7593f3224d,sanskrit,चित्री
pk_5d0e4e6270e91a31,sanskrit,चेतित
pk_5d3b18e0d72c261c,sanskrit,गोषीष
pk_5d3d8f451b1e1720,sanskrit,अभिनिर्य
pk_5d4041e977b7e0c4,sanskrit,कनक्
pk_5d51b781ed4c6cde,sanskrit,कम्पितृ
pk_5d5cb13652e1ba6e,desi,-
pk_5d671db22d4759ee,sanskrit,गज्
pk_5d76cde0ad1f3312,sanskrit,तुक्त
pk_5d777137467c2979,sanskrit,इभ
pk_5d991ec47052b2bc,sanskrit,निगान्द
pk_5db1cd9ecbe09e87,sanskrit,कुसुर
pk_5de332e21ce138f0,desi,-
pk_5ded6d2327feafd4,desi,-
pk_5df5c7872621395e,sanskrit,अद्घोदक
pk_5e01a9aec8f475b1,desi,-
pk_5e0769647cd84257,sanskrit,अभ्रस्
pk_5e1f8f105f474868,sanskrit,छेदन
pk_5e20603b3d4c2ab4,desi,-
pk_5e3546eee31526eb,desi,-
pk_5e45793826a79856,sanskrit,आवृत्त
pk_5e8836e908aa9fc5,sanskrit,अभिनत
pk_5e97550af34531fd,sanskrit,असिन
pk_5eaa25d3c32532dc,sanskrit,निषेवित
pk_5ee8283cfc84a993,sanskrit,अवस्तक
pk_5eee12efd9de07f0,sanskrit,अवसान
pk_5ef44d74e3362d64,sanskrit,अकरित
pk_5f0ff91158df7df6,sanskrit,निर्धूपय्
pk_5f127093e1fdfd24,sanskrit,आरम्भिन्
pk_5f190006cf0c98f4,sanskrit,आवहस
pk_5f35fe4f984541c3,desi,-
pk_5f3d0ecebd2d60c4,sanskrit,यूक
pk_5f4c6f9a2bae7475,sanskrit,असिचात
pk_5f7cfb9dd84bbf28,sanskrit,अपकारित
pk_5f828962dde596ad,desi,-
pk_5f93923f37ea1e1a,sanskrit,एकय्
pk_5fae871c5fba7aa3,sanskrit,तेल
pk_5fb14f863de956ac,sanskrit,खलिन्
pk_5fb2cb6626c28cb7,desi,-
pk_5fbcaf5e797c0bc1,desi,-
pk_5fdf83829f3865df,desi,-
pk_5fee07dd5f32c94d,sanskrit,इली
pk_5ff28b5086e910ca,desi,-
pk_5ffc9d551e8cb84a,sanskrit,कर्थिन्तर
pk_600f4a3cb6378294,sanskrit,आविग्न
pk_60403fea688cfbfc,desi,-
pk_604dd48d4631c13a,desi,-
pk_605c16a503d63ef9,sanskrit,तक्षण
pk_605d24fc141de042,sanskrit,उद्घान्
pk_6067e55079c966d7,sanskrit,अत्युभक
pk_606e47ab3477c795,sanskrit,उत्पान्त
pk_6082a1783c577fa0,sanskrit,स्थीय
pk_6093e174fb2ab6ce,sanskrit,निर्वस्
pk_60bb79e33e5b8ae8,sanskrit,निवेश
pk_60bcb77966a9305e,sanskrit,उपलापय्
pk_60c5d9c2ea6dc9ce,desi,-
pk_60d4809fd559519f,desi,-
pk_60da01992b356954,sanskrit,योधिन्
pk_60dcd5ecc9e9e807,sanskrit,उपक
pk_60dd0b1abdcf7538,sanskrit,छेदित
pk_60df4f52a2983535,desi,-
pk_60e1bbfe44b4b408,sanskrit,आनुद्य
pk_60f03cefb3163f6f,sanskrit,निपटन
pk_61228d34794f08dc,sanskrit,निर्ज्
pk_61367c354c105a1e,sanskrit,युष्ट
pk_61696ad4972e06e6,desi,-
pk_6192c594fc88741a,sanskrit,अस्थित
pk_61b247b8fa1a5c0d,desi,-
pk_61c64c45a256e925,sanskrit,अन्यान
pk_61d4e49fbc427fdd,sanskrit,उपेरण
pk_61d54ac78f429ada,desi,-
pk_61e6e9c979926ee7,sanskrit,चिङ्गिन्
pk_61fc5596a76a742d,sanskrit,कोटिक
pk_622e1293104e667a,sanskrit,निर्वादित
pk_623279ce393eb816,sanskrit,उपविग्न
pk_6236dd47efd27f10,sanskrit,कर्षा
pk_62387e2ead6bdd52,sanskrit,ताण्डित
pk_623ec11c9481af9a,sanskrit,अजन
pk_6240380e23293efa,sanskrit,उपयोग
pk_625aab8d5a142e37,sanskrit,अर्घात
pk_62675e9ae72b6aa8,sanskrit,अवनर्
pk_6269400f77aef527,sanskrit,इल्पिन्द
pk_6273abe96bf4d26e,sanskrit,आख्यायिन्
pk_628495c4b8b8df8c,sanskrit,कोमिष्ट
pk_62ab35b6954184c7,sanskrit,क्षारक
pk_62ac955308bd287d,sanskrit,अतिष्टा
pk_62faee21d310a0bf,sanskrit,त्प्
pk_6304f7258a3df671,sanskrit,चोक्षुष
pk_63534dc033309bad,sanskrit,कृष्
pk_636a462d61384359,desi,-
pk_638d4f96b02a09c3,sanskrit,गोपुका
pk_63b111c3d008b11c,sanskrit,चलन
pk_63bb1c66308b525c,sanskrit,योग
pk_63c08950cd755a7f,sanskrit,जाही
pk_63c532fb996d627f,sanskrit,किष्टित
pk_644bbb82ec5a9e4e,sanskrit,आवर्तिन्
pk_645cdfa05bcf0895,sanskrit,क्षायि
pk_64753b0abee168c8,sanskrit,उपासित
pk_6479899c226dae6a,sanskrit,अञ्चल
pk_64810a3789104707,sanskrit,चिप्रतिक
pk_6486ff5415d855fd,sanskrit,उपल्
pk_64b9c7976d501965,desi,-
pk_64bdaaa28864239f,sanskrit,तिलित
pk_64fd18859399be55,sanskrit,अधिन्
pk_6515cafdd9bf6ee9,sanskrit,काक
pk_653c40f2e833f073,sanskrit,चञ्चक
pk_655c0633a96cb81e,desi,-
pk_655e42ddec8dfce3,desi,-
pk_6561788f699faf28,sanskrit,खज्यू
pk_6562a462b54e43e0,sanskrit,कर्षीर
pk_6573a466aaab2a61,sanskrit,अमरी
pk_6578188fc9e00dbe,desi,-
pk_658fc21f98c2170f,sanskrit,कार्थाय
pk_65944991986abab1,sanskrit,न्
pk_65a322e55a84d1ac,desi,-
pk_65d0ed91ddac9d83,sanskrit,उत्वर्
pk_65e9615bcc955067,sanskrit,ग्रहिन्
pk_65f51558e221a78d,sanskrit,अभ्यावर
pk_65fa5423955db03f,sanskrit,अतिप्रभातिन्
pk_66204c2cb9d21d0d,sanskrit,अश्ली
pk_66238b5bb59c5120,sanskrit,इन्दिन्
pk_662a58a946663c5c,desi,-
pk_6636170cd855b5e4,sanskrit,उत्कोदन
pk_664f286fbc8b2c30,sanskrit,कोलनी
pk_6655312d9bd10593,sanskrit,अभ्रय
pk_665e4b5ca07deb2f,sanskrit,उद्भ्तम्
pk_66dfc13cbde6a9bb,sanskrit,कोष्ठिन्
pk_66f30ca8e63d2780,sanskrit,अतिमुक
pk_66fbd89e858cfbcb,sanskrit,अभिरुद्ध्
pk_671ab70d20adc843,sanskrit,कम्पन
pk_6727bbba8133afb7,sanskrit,योधा
pk_67494655da5ae047,sanskrit,गरणिका
pk_675214eeb25fd8ac,sanskrit,कौशीर्व
pk_67708fd8964b3573,sanskrit,निकार
pk_6776d8f41e8d3f5d,sanskrit,गङ्गण
pk_67a56862d4fdd50f,sanskrit,निष्टम्
pk_67ad9724e0210a07,sanskrit,कोटिक
pk_67bc22798da081f0,sanskrit,अवन्न
pk_67c5efb02f79bc00,sanskrit,छदर्दश
pk_67d619f9a2ba20d5,sanskrit,अन्यान
pk_6803a907ed8c8cdb,sanskrit,अर्ण
pk_68329de23369ddb3,desi,-
pk_6836a56f69c6052f,desi,-
pk_687eec2d982581a3,sanskrit,कालिक
pk_68a0275801e69325,sanskrit,एषित
pk_68a3a5c1db1a6f64,sanskrit,उद्घानित
pk_68c4880d28748416,desi,-
pk_68cb21c8debfc348,sanskrit,अमुक
pk_68d65cbfdc42b8c8,sanskrit,किष्टा
pk_68e735838d3c0925,desi,-
pk_68ed294c954a392c,sanskrit,उत्तारण
pk_68f002e9bdf5f2a6,desi,-
pk_692985e70165d509,desi,-
pk_692a2a9e050b5975,desi,-
pk_6930968728e3ea43,desi,-
pk_6954823a9798050c,sanskrit,अपवृत्त
pk_6954b45743e89b15,desi,-
pk_6955d71d0bc7a284,sanskrit,अनशीत
pk_696ea6ab2afd9440,desi,-
pk_6970b0dac11d57e5,sanskrit,उन्निप्त
pk_69740002c727046c,sanskrit,अनुद्भा
pk_69902e0978e43c00,sanskrit,तेलिक
pk_69aca67eb83d6794,sanskrit,कथम्य
pk_69ba4cdfc5b247bd,sanskrit,काम्बरी
pk_69c1756c3a68c49c,sanskrit,चण्डवत्रत
pk_69c4b404eb251f23,sanskrit,तमी
pk_69c4f5dd1fac8e38,sanskrit,अतिल्किन्
pk_69ce179a8051f8c0,sanskrit,गर्जन
pk_6a1082689373d8a6,sanskrit,जातुवी
pk_6a19fb9965b98f91,sanskrit,कर्थ
pk_6a29aec046e90aa4,sanskrit,कच्छोद्र
pk_6a362209041fbdc6,sanskrit,उपन्न
pk_6a402af89841caca,sanskrit,चलिका
pk_6a54d76e285b313f,sanskrit,कोटिक
pk_6a6fe7253e40b871,sanskrit,निवर्तित
pk_6a7506579139c9ac,sanskrit,कान्त
pk_6a872c54f65450aa,sanskrit,आगमल
pk_6a8a89dda09eabea,sanskrit,चर्मेतृत
pk_6a9b54c9aa6f5dec,sanskrit,एलिनी
pk_6a9c71a6fdf02236,sanskrit,चाव
pk_6aa3f4f01a5c9518,sanskrit,निग
pk_6ad959c6ead02dd3,desi,-
pk_6adada46606e1066,sanskrit,कलान्तर
pk_6adf96313a58aa96,sanskrit,अपघ्रा
pk_6ae3c399aa6a51e5,sanskrit,उपनति
pk_6ae8fde9f373c97f,desi,-
pk_6af52469b37dd981,sanskrit,यवनीयव
pk_6afed2303fde42af,sanskrit,अमर
pk_6b30aafdcb5ec70f,sanskrit,जीवित
pk_6b35da938d818812,sanskrit,अपज्ञा
pk_6b529d45373f1dc0,sanskrit,कम्
pk_6b53ef0f604d25ac,desi,-
pk_6b54cebb862a741f,sanskrit,यवस
pk_6b7482be96939e97,sanskrit,यूपन
pk_6b819917df548eff,sanskrit,ताण्ड
pk_6bc2711e706778bc,sanskrit,उपन्द
pk_6bc5b69215fad364,sanskrit,जीव
pk_6bf7c526173bddc8,sanskrit,आम्
pk_6c0671a97ff1ee10,sanskrit,कौषिक
pk_6c10a98a4717c493,desi,-
pk_6c1e3cf874bcc973,sanskrit,निपट्
pk_6c64ec72bf076b86,sanskrit,अवहूत
pk_6c65d5cc40e317bc,sanskrit,निपति
pk_6c8257ffbb2676f2,sanskrit,अनुप्रजन
pk_6c828cf15537c9b5,sanskrit,अवसारय्
pk_6c8367159340ac10,sanskrit,निर्वर्तन
pk_6c880ee1a2419625,sanskrit,निवृत्त
pk_6c94ea13874aac92,sanskrit,निर्वृत्
pk_6ca1258b16e2d84f,sanskrit,असीर
pk_6cc89da893f00db7,sanskrit,उपकारिका
pk_6cec958bb9e95855,sanskrit,चङ्ग
pk_6d02e52f2c0e6b2c,sanskrit,उपातय्
pk_6d20142cb1d1d922,sanskrit,निपात
pk_6d2ff60ef6aedfd1,sanskrit,आलीक
pk_6d4f5066ccc6eb01,sanskrit,क्रेमार
pk_6d60b4bb0f22f888,sanskrit,अस्थापय्
pk_6db01f8e40084dc2,sanskrit,छुद्भ्
pk_6dd0b49e2852e1d7,sanskrit,किरुपाति
pk_6de7234dfb85c315,sanskrit,नविकृत
pk_6df3981cf0f571be,sanskrit,चन्धालिन्
pk_6dfdb8ca06d034e4,desi,-
pk_6e4027da7a5d4919,sanskrit,अनट्ट
pk_6e43e8756e8ed6ed,sanskrit,अवस्तरण
pk_6e497d58b4cc73e3,sanskrit,अपेतित
pk_6e56d52329049925,desi,-
pk_6e81119e9a3f1dea,sanskrit,इत्क्ष
pk_6e96640039d2573b,desi,-
pk_6f14f97d3082c057,desi,-
pk_6f2b5df597079de2,sanskrit,गाय
pk_6f2de579f6f58d22,sanskrit,जगर्जक
pk_6f597da4b95e0aaf,sanskrit,निवृत्
pk_6f5dd4e754d05e8f,sanskrit,उपत्त
pk_6fa0f6b1ad3d7227,sanskrit,तक्षर
pk_6fb7ffc09e7bcc10,sanskrit,गण्ठि
pk_6fbcdaac2bd19909,sanskrit,कुणय्
pk_6fca637e62036b5c,sanskrit,छल
pk_6fd7383acd2c23bd,sanskrit,अनुप्रवाक्त
pk_6fdcaf8cb9e1960f,desi,-
pk_6fe152fad77de672,sanskrit,तुमल
pk_70058190aad61959,desi,-
pk_7006bc61bedcb5ed,desi,-
pk_701b38c6d8d3b9ea,sanskrit,उत्क्लोहिन्
pk_7056146eec067b53,sanskrit,किंकिधिन्
pk_705fbd527c8940ec,sanskrit,छटित
pk_7066b844677d7fc5,sanskrit,चन्द्रितृ
pk_7077b557014f910f,sanskrit,उत्सेधना
pk_7082369a5e409cde,sanskrit,क्षित
pk_7084707630ce2fe3,sanskrit,कीलन
pk_70b32a73cb1a1f9a,desi,-
pk_70b8a037a8c68ae0,sanskrit,उपरोहिन्
pk_70c243681f843276,sanskrit,अघ्रा
pk_70c8aec9360f9f23,sanskrit,अव्यन
pk_70cad0f1835bcae7,sanskrit,निर्वह्
pk_70cff89f24b62387,sanskrit,उपसृत
pk_70dd1a909e657d7a,sanskrit,चास
pk_70ec81e5a98a0841,sanskrit,अवकृष्ट
pk_70f4a03a94fa9a9b,sanskrit,डवत्
pk_71054074d118214b,sanskrit,असमुम
pk_710b5f46c1315b36,sanskrit,निवृत्त
pk_713ce798feeed8ef,sanskrit,ऊन
pk_71586c1d39afa6a7,sanskrit,निर्ना
pk_715cbea56ace43a7,sanskrit,निर्वेक्षित
pk_716aa26f24ace316,desi,-
pk_71958b74614e9c6b,sanskrit,अपवृत्त
pk_71b59d20bdd276ed,sanskrit,क्षरि
pk_71dfd13503b07843,sanskrit,कव्य
pk_7212412ec344e86d,desi,-
pk_7212f85b775ccf9c,sanskrit,नार्य
pk_7245bb23e3662f1e,sanskrit,कल्तल
pk_7247051ad1611b71,sanskrit,कुञ्चितृ
pk_724b6bc8c9572e96,sanskrit,ताण्डवत्
pk_724dd9c9f526ce49,sanskrit,अग्राणीय
pk_7259be1d23f099d4,desi,-
pk_725bb404086a0235,sanskrit,कुञ्चि
pk_726088754eeff4ca,sanskrit,त्रिसेर
pk_726815f2aff8b0eb,sanskrit,त्रिमा
pk_726e8cee9e686596,sanskrit,उपवीढ
pk_7288864055767d75,desi,-
pk_728a3032b342fc1b,sanskrit,अवसार
pk_728f5e0636fc436a,sanskrit,इन्दिक
pk_72af0493433f843e,desi,-
pk_72b8263856d2bb9d,sanskrit,तुलक
pk_72bf73eca63bc58b,desi,-
pk_72db3b531888e317,desi,-
pk_72dcb5e925401e86,sanskrit,निवेदित
pk_730102a2f1810aab,desi,-
pk_730975d410cb047f,desi,-
pk_730b8710fa6aa64e,sanskrit,कालीय
pk_7326da757dd2d831,sanskrit,तुलन
pk_734c8730d4e46411,sanskrit,कर्टिका
pk_735304bf341cb256,sanskrit,उपरि
pk_738a9194c9a4801d,sanskrit,कुष्ठिक
pk_73bafa7285245c02,sanskrit,तिक्षिप्
pk_73bd4096deffaee1,sanskrit,अर्थन
pk_73d94b9e5e1785d2,desi,-
pk_73e218725e2b4f30,sanskrit,जागिम
pk_73ec43a954c82113,sanskrit,उत्तृ
pk_74006145725331c6,sanskrit,उन्तिक्रिक
pk_7410d262da89fdc1,sanskrit,निष्पक
pk_741c0a76850271c9,desi,-
pk_74542c8e4080f4f6,sanskrit,अजिता
pk_7476d793d17ffad0,sanskrit,खालिक
pk_747fe5c99bef6849,sanskrit,निर्यवर्जन्
pk_74f17f54674b8f63,desi,-
pk_74fe7950495254b3,sanskrit,उपवेषण
pk_74ff2c3580a03ea7,sanskrit,चत्वाली
pk_74ffa0ee37e808cb,desi,-
pk_7502567d4984fb17,sanskrit,अर्ग्रहण
pk_750ded5472fc37f1,sanskrit,यूपय्
pk_7530ad1f9c9c6f4a,sanskrit,निर्वित
pk_757a64746f101798,desi,-
pk_757e7cc1c79ed841,desi,-
pk_75a5916d64ae9577,sanskrit,गदि
pk_75b4bfe1cf3a831d,sanskrit,गोदन
pk_75e89295b66792a7,sanskrit,उपव्नेद
pk_76001a57f6558391,sanskrit,अवसद्
pk_761b7df3ac6a86ac,sanskrit,इन्दित
pk_7629f5079a540abc,desi,-
pk_7687f30562a31182,sanskrit,कम
pk_768d69e03c01aa28,sanskrit,अन्याय
pk_769c2c45a2f12144,sanskrit,उत्तरण
pk_76b3df1179cf03a5,sanskrit,चण्डन
pk_76b7ad734be918a7,sanskrit,उष्ट
pk_76ce91bbea32261b,sanskrit,काहित
pk_76df407264ea6f35,sanskrit,तह
pk_7726a607c60e2a33,sanskrit,असमरण
pk_773485549a39eaed,sanskrit,अर्घाटय्
pk_7741b433d454414e,sanskrit,क्षुक
pk_7759aa12a9b7f162,sanskrit,आवर्तन
pk_777c8277630a9a2a,sanskrit,किन्ति
pk_77ce1206c5e38728,sanskrit,अभिचारा
pk_77da55f3c841e00e,sanskrit,काक
pk_77de60e41f44f2fc,sanskrit,काम्बरी
pk_780cd357ce91af51,sanskrit,निर्लेप्
pk_7822a80afddff5a8,sanskrit,ग्रहिन्
pk_782ff71a60d5d79b,sanskrit,निर्ह्
pk_7833e5a633c4890b,sanskrit,तुण्डल
pk_7849a6b868916ccc,desi,-
pk_784cc7bc5ff03d1d,desi,-
pk_78a71906dd22bb3a,sanskrit,अवहो
pk_78b90c55143e6d81,sanskrit,निर्ह्
pk_78d0e8d981c17847,sanskrit,नर्तय्
pk_78f1ccf07ebb2bcb,sanskrit,कर्मार
pk_7910f0b6b168ea4d,sanskrit,चान्तिक
pk_7914fde884d5f52d,sanskrit,तायिन्
pk_79234784b0da9d0f,sanskrit,निज
pk_793abc4069d21b95,sanskrit,चिञ्चा
pk_7945f36b580360c7,sanskrit,निर्वेषय्
pk_7969706050e49c1c,sanskrit,अशेषण
pk_7973da4fc55ce141,sanskrit,उत्सन्त
pk_7980a62a5bab64aa,sanskrit,इन्दा
pk_799ca84fe5f098c9,sanskrit,ज्वालर
pk_79a69d1e6f0ee5d2,desi,-
pk_79addb616936e2e7,sanskrit,निर्छुविन्द्र
pk_79b7eb070394cb66,sanskrit,निर्वेजन
pk_79d993637f334b94,sanskrit,कञ्चन
pk_7a1cf6783d68481a,sanskrit,अभ्योज्य
pk_7a2e8c91f9346739,sanskrit,स्खलनिका
pk_7a36a17729945fd5,sanskrit,इक्षण
pk_7a4f738bd7148cad,desi,-
pk_7a55f9fdb89ee985,sanskrit,उपकार
pk_7a566cd23f02aa60,desi,-
pk_7a817adeea585e66,sanskrit,अपस्तित
pk_7a880fdea390ca62,sanskrit,असभाव
pk_7a8973389c201f23,desi,-
pk_7a9d174da9799d01,sanskrit,कव्या
pk_7aadd3c629be8fbc,sanskrit,एडय्
pk_7ac998a2ce5333ea,sanskrit,निर्वसिक
pk_7af3ddf2ac90bca9,desi,-
pk_7b2e9094faf3a8f1,sanskrit,अतिक्रमण
pk_7b39766d6dd49926,desi,-
pk_7b3fc82db11aa348,sanskrit,एषितृ
pk_7b4b5b051829300c,sanskrit,नियन्दित
pk_7b6fca49d1b01a5f,sanskrit,अनारक
pk_7bda288628523be9,sanskrit,कृष्ट
pk_7be895e933992caa,desi,-
pk_7c394eaf4538d102,sanskrit,क्षोदरा
pk_7c4caba8adb8d6c5,sanskrit,चाटी
pk_7c9723c0eee2457e,desi,-
pk_7c9c31e120042f9c,desi,-
pk_7c9d755357ce3820,sanskrit,आवृत्
pk_7d1cf0e4153fce7c,sanskrit,चटीड
pk_7d291009e3245559,sanskrit,निप्रह
pk_7d5348f902e5636c,sanskrit,तिलि
pk_7d666f55286c85c4,sanskrit,उत्स्थालय्
pk_7d952178086f2a63,sanskrit,उपवृत्त
pk_7d9efe093dcfd965,sanskrit,आहित
pk_7daba51263511150,sanskrit,टोकिम्बि
pk_7de717986207d26c,desi,-
pk_7de800c50fbfb9b9,sanskrit,उत्स्था
pk_7e00a5a488f57ca5,sanskrit,उन्तिप्त
pk_7e10284f1d673c9d,sanskrit,अल
pk_7e3288c0a03b82ce,desi,-
pk_7e50283a6827e679,sanskrit,आरम्भिका
pk_7e54f707cf4dd0f5,desi,-
pk_7e58ab78b7793774,sanskrit,उपलीक
pk_7e5e29824bf55f36,sanskrit,एवत्
pk_7e681721da926921,desi,-
pk_7ea7579f23e7aa2b,sanskrit,निर्वाण
pk_7eb84f7a00078fc6,sanskrit,इपालभ
pk_7ef90558d267125d,desi,-
pk_7f190cb4f29e1dbd,sanskrit,क्षारित
pk_7f344bdd9fd8cc3d,sanskrit,निध्वान
pk_7f3666d2e8113e32,desi,-
pk_7f57723aedffc644,desi,-
pk_7f7d760728850dfa,sanskrit,निक्षिप्तन
pk_7f8104e8740c06d5,sanskrit,चयन
pk_7f948b247690f830,sanskrit,यामेय
pk_7f9b2715a473b277,sanskrit,उपरक्त
pk_800cb9a76393c05f,sanskrit,असेहर
pk_80157f0ccea970ea,desi,-
pk_80207f6c820a14b0,sanskrit,गुरु
pk_804a5a983227ee8e,sanskrit,अर्ग
pk_80a4224214efe8b1,sanskrit,क्षत्रक
pk_80ac0e1f3514fcd7,desi,-
pk_80e8e730e07cdac1,sanskrit,अभ्रभ
pk_80f7dd52221d6907,desi,-
pk_81070535bcb6b325,sanskrit,तायिन्
pk_813bbfd2670858df,sanskrit,यवसित
pk_81431fe68fc77548,sanskrit,चन्धित
pk_8149e5abec86c20f,sanskrit,उद्घानित
pk_815a68d6cade4e8e,sanskrit,उत्पन्
pk_8168e04ce857430a,sanskrit,अनुरिद्ध
pk_81761adc4e681a7c,sanskrit,आमत
pk_81c1ba2c33232372,sanskrit,क्षम्
pk_81c4c715cd0976ae,sanskrit,निःसाह
pk_81d4a2f6f5487d18,sanskrit,चित्यन
pk_81d9d6124483bc1d,sanskrit,निर्लप्
pk_81ff989dceff1444,sanskrit,निवृत्
pk_82050844691c55b2,sanskrit,निवृत्त
pk_820e0abf493a1f15,desi,-
pk_821e3405287191a8,desi,-
pk_822baa21b5f07740,sanskrit,युह्
pk_823ca3189bc52e8c,sanskrit,उपमित
pk_82676b83cde29a75,desi,-
pk_826eb3f6114900ad,sanskrit,जाङ्गना
pk_82b2dbdf5150ff49,sanskrit,अवलही
pk_82d4858df8235347,sanskrit,अकामित
pk_82f0f5e736c1cc5d,sanskrit,काणिक
pk_83028bcc5d4aa32c,sanskrit,काक
pk_831a001bf6a30348,sanskrit,अक्षित
pk_831e2b2526d4a320,sanskrit,तीय
pk_8321b26aaf61b9e0,desi,-
pk_834e8b0514e898aa,sanskrit,त्रोश
pk_8374f0f3bbd713ea,sanskrit,चेत्
pk_8390340517be179e,sanskrit,उत्त
pk_83cda8fe516aa0a8,sanskrit,उपनिर्जित
pk_83e1335297db5fa9,sanskrit,चुह्तिका
pk_840308cfb04afa62,sanskrit,अभ्युत
pk_840d483949113a10,sanskrit,निरापय्
pk_845691fd3f7b9058,sanskrit,आवाश्य
pk_845821038b7b53f3,sanskrit,कुटक
pk_847d2ae3c71dadea,sanskrit,अग्रिक
pk_848dd69fd206b7f1,sanskrit,चर्मय्
pk_8491af28655036ac,sanskrit,आलाप
pk_84982cbf7158f34e,desi,-
pk_849e59c4d46eed92,sanskrit,अभ्युगम
pk_84a9b7f24d1e7cff,sanskrit,अर्दकल
pk_84b03486e2769fa4,sanskrit,कव्य
pk_84d601c331091c48,sanskrit,निवेश
pk_84ec704ac81e8ced,sanskrit,घुलित
pk_84ee94005265db5c,sanskrit,कुटक्क
pk_853edc82925fecb0,sanskrit,योध
pk_85a346dd932c8efa,sanskrit,चित्र
pk_85b066c6d38fd981,sanskrit,निर्जन
pk_85bc880d95268c0c,sanskrit,अनास्थायित
pk_85d163713bcae7b6,sanskrit,आहिका
pk_85fbe2dc2d6e36eb,desi,-
pk_85ffb2c708b2922e,desi,-
pk_8609b09d82ef5f9e,desi,-
pk_861c35cc34bad895,desi,-
pk_8629f4b2755738a2,sanskrit,आचर
pk_863e4236b99a2c00,sanskrit,उपर्व्
pk_864545f5fa614532,sanskrit,उन्नसन्न
pk_8648ddfc898d6504,sanskrit,निर्वन्द्
pk_8655b625466253ff,sanskrit,निवृत्त
pk_867371d048228a39,desi,-
pk_86a94d1c9f479b30,sanskrit,उपल्लेपित
pk_86d4705272d767d1,sanskrit,अभ्याक्षण
pk_86e2e4fee9f9fed1,desi,-
pk_86ea28d5f3df8d7c,desi,-
pk_86f85ac9a6fcb4fd,sanskrit,निर्ज्
pk_86fcc32a4829ba3b,sanskrit,अनुप्रभव
pk_871d7e9f75ae5639,sanskrit,योधारय्
pk_873ff136b4ac4ff7,desi,-
pk_875447bca25faee9,sanskrit,अहो
pk_877382adb2e3689b,sanskrit,अग्रन्थ
pk_87778b48217cea32,sanskrit,यूपन
pk_879fe58f38979612,sanskrit,अकार
pk_87f4a0a1ffa4acce,sanskrit,उपालिक
pk_881b39a650b878ab,sanskrit,कोटि
pk_882d1422729034e5,sanskrit,अर्ण
pk_8866f73097219521,sanskrit,उद्घान्त
pk_88818aed6085fac1,sanskrit,आरम्भृ
pk_889be5c4fb4a85ec,sanskrit,निर्पव
pk_88b3865e0909b85e,sanskrit,आवित
pk_88b8d2f1b51f863d,sanskrit,निर्ह्
pk_88cc7564307c2be4,sanskrit,युषित
pk_88e6792441904091,sanskrit,गजन
pk_8900c8edd9d83273,sanskrit,योजस्
pk_891606ddf0d5f203,sanskrit,अग
pk_89350c574f483d75,sanskrit,काङ्कारव
pk_894d0a16939b29fe,sanskrit,नुच्चा
pk_89a0428db050171f,sanskrit,कोटि
pk_89b54717534190df,sanskrit,कोटन
pk_89f7f9a9e1a4e233,sanskrit,योधिका
pk_89fc83ae67439d3a,sanskrit,छुप्
pk_8a00af4983cca935,sanskrit,चतुष्पाल
pk_8a344e28a8fdb2b6,sanskrit,आक्षिप्
pk_8a3cb76602943890,sanskrit,जन
pk_8a44e6f4c15097bd,desi,-
pk_8a4b99a95d733948,sanskrit,आन्धिपन
pk_8a8f244c781845b7,sanskrit,आभूपित
pk_8a96a31765879f8d,sanskrit,निर्ुप
pk_8aa4531c4ede3ad8,sanskrit,उदन्त
pk_8ab1014adc64b173,sanskrit,चन्त्रिक
pk_8acda1dfcf07ab74,sanskrit,अपहो
pk_8ae0c2c0b8fd18d8,sanskrit,जूर्
pk_8b0377213adedfd3,sanskrit,गर्जिन्
pk_8b07f45c73cf9d56,sanskrit,अन्येजन
pk_8b0b52607aac1ed9,sanskrit,अपत्
pk_8b0d33ea9e789f6b,desi,-
pk_8b0f1fc2b69f70f4,desi,-
pk_8b449918e0812305,sanskrit,यामय्
pk_8b52b66d7a4244d2,sanskrit,आहिप्
pk_8b53c097bc357dec,sanskrit,अञ्जू
pk_8b63c14a4ed42ae0,sanskrit,काहनव
pk_8b67ceaf713c8b94,sanskrit,कर्णका
pk_8b91245cd6585d80,desi,-
pk_8ba884f511b97ebb,sanskrit,आलीकृष
pk_8bee077ae30b4fdf,desi,-
pk_8c10d41bf5ee1696,sanskrit,घन्तिक
pk_8c2838d312084f63,sanskrit,निर्वृत
pk_8c4205da281cfd5a,sanskrit,अभिवृत्त
pk_8c4faee6ce77d2b5,sanskrit,आभियोगित
pk_8c60e56ff888e4bf,sanskrit,त्रुशली
pk_8c87f48d87e8c3a7,desi,-
pk_8c8b222f3dcf6fe9,sanskrit,क्षेपित
pk_8cc23e127d64e4d8,sanskrit,कोटिका
pk_8cccf12a06841ea1,sanskrit,उपह्वाह
pk_8cdd67cc0a25dc8f,sanskrit,उपवृत्त
pk_8ce09cbf770ea45b,sanskrit,गण
pk_8ce9b8695fcdde6e,sanskrit,आभङ्कर
pk_8cf25b513006c898,sanskrit,निजन
pk_8cf58e90fa691d9d,sanskrit,घृष्ट
pk_8cf860b93f6c4f12,sanskrit,अन्येषिन्
pk_8d0208c57154cb1d,sanskrit,कटिका
pk_8d0a63f638549dd3,sanskrit,निश्रुत
pk_8d1cc49039edb4ab,sanskrit,अबुध
pk_8d26047f0e220b9b,sanskrit,उपकारक
pk_8d52151167b9d0c3,sanskrit,त्रसंधारिक
pk_8d5262d5a6721267,sanskrit,अभिनीष
pk_8d6cdc21d42c22ea,sanskrit,उन्मुच्
pk_8d9cc68bfbec804b,sanskrit,उदग
pk_8daf4f765ae877f8,sanskrit,निरपक्रव
pk_8db7ba60df1b3029,sanskrit,उद
pk_8dcc3b8ef694d54f,sanskrit,क्षय्
pk_8dd36e51a7b4eed4,sanskrit,अनुम
pk_8dea4aaa4e5a7b86,sanskrit,तुला
pk_8df9df3b1b449c43,sanskrit,अलाह
pk_8e1ba602333c20ce,sanskrit,कृतम्
pk_8e5762721f875d85,sanskrit,अगाय
pk_8e82cd75ac1a6e93,sanskrit,उत्तारय्
pk_8ecf50ba699835d1,sanskrit,गरुप्ता
pk_8ed8d492766c104f,sanskrit,कुमुका
pk_8f3c9fd9f81a8263,sanskrit,अर
pk_8f50e99d0b6abe0c,sanskrit,काङ्कित
pk_8f6b70ad92093309,desi,-
pk_8f782b3242110741,desi,-
pk_8fb3c6db34db220f,sanskrit,तुलिका
pk_8fe804b36fcac3ca,sanskrit,निर्पय्
pk_8ff817f8fa1a8926,sanskrit,अमुख
pk_8fff537f16125771,sanskrit,काली
pk_905c3c2f9043a575,sanskrit,अनुगुणित
pk_905ecab52b7c9e8d,sanskrit,नीति
pk_9083bdcb82084805,sanskrit,अभिवृत्ति
pk_9087523d6b4ef5bb,sanskrit,अर्थन
pk_9088ac1a74341ea5,desi,-
pk_90917ce4f800d548,sanskrit,क्षारिन्
pk_90c11d567b47a2c6,sanskrit,निःश्वेष
pk_90d6c2d5baaaa21c,sanskrit,अमुक्त
pk_90f5b02e5a25e2be,sanskrit,अविनेका
pk_90f8125e60b58df8,sanskrit,छित
pk_911341e3af2d34d0,desi,-
pk_912a78e6aa2e60f9,sanskrit,यशस्विन्
pk_916555aea5502db8,sanskrit,निर्वृत्
pk_91774a748be5e3ff,desi,-
pk_91ae9de06108dd71,sanskrit,जसवती
pk_91b2ef9a3f8208e2,sanskrit,चाम्पिका
pk_91dbc2f2ed658f4e,sanskrit,आक्षिप्
pk_91dffd7849035f2a,desi,-
pk_91ee55693f180994,sanskrit,जी
pk_91f4a52c477636a3,sanskrit,कर्तिन्
pk_91fe7fc9297d721c,sanskrit,तिक्त
pk_92046d31dfaf3d71,desi,-
pk_9204e2285acbfecb,sanskrit,अत्र
pk_92399938b6d50f8b,sanskrit,निर्पापन
pk_923dc4887d4d631f,sanskrit,निर्वेक
pk_9242bcc51e20dbe4,sanskrit,चित्रन
pk_9274ff4fa3bf0945,sanskrit,तिलिक
pk_927adbfd40ee750d,sanskrit,उन्मत्त
pk_929c5f224989c836,sanskrit,कटित
pk_92d907ca5d51ea3d,sanskrit,काष्ठिप
pk_92e6c61c786956d1,sanskrit,नन्दला
pk_93011f8a466b7e37,sanskrit,गण्ठिल
pk_9363d378d0d58af0,sanskrit,असेज्ञ
pk_93812319b3654b1b,sanskrit,अभिरुम
pk_9384840cbdeb70f5,sanskrit,खिल्लन
pk_939235089c60a5ae,sanskrit,नियन्दित
pk_93962f50f56793f3,desi,-
pk_9396d2951325b032,sanskrit,क्षोटक
pk_93987ffe90d5139c,sanskrit,आविश्
pk_93b5e74e7c9382ff,sanskrit,आलीपित
pk_93ba9734b9afae02,sanskrit,यूषित
pk_93bdebd7831ac856,sanskrit,अत्यन्त्रिक
pk_93cbf19fec6e02fe,sanskrit,नी
pk_93d4139af6b80040,sanskrit,निष्वङ्किन्
pk_940df7eff570e83a,sanskrit,क्षप्
pk_941ad441dc90e2de,desi,-
pk_941aed38e6d3d72f,sanskrit,उहि
pk_9425015f78098097,sanskrit,चोर्य
pk_94425275d7553957,sanskrit,छिद्रह
pk_9457c18c259d1858,sanskrit,घर्षित
pk_945db069e8007240,sanskrit,नारक
pk_9464475b0551f52b,sanskrit,तुलय्
pk_94666670ab3af95f,sanskrit,चङ्करीय
pk_94703e971191209a,sanskrit,चुच्चन
pk_947f2be6d1f2500a,sanskrit,काली
pk_94a184165e79163a,sanskrit,अनियत
pk_94bc3fe9f8987595,sanskrit,उपवर्तन
pk_94cf769d0a288d55,sanskrit,उद्
pk_94f724a05ffe3bb7,desi,-
pk_950f7af9f66da80f,sanskrit,निच्चुर्णित
pk_951fb11b1acc1d09,sanskrit,निवन्
pk_952d3c3eb2cd7c28,sanskrit,उन्मत्त
pk_9537b3cd27def485,sanskrit,कोपक
pk_953ca946295bf478,sanskrit,अभ्रासय्
pk_954595d54b2334da,desi,-
pk_955d07ee5423e6f0,sanskrit,अवगृहित
pk_959f8992444feebc,sanskrit,आवृत्त
pk_95c7a023ef6fb0c2,sanskrit,उत्तारित
pk_95e37ee1fef52a69,desi,-
pk_9626a1688d57d526,sanskrit,अग्रह
pk_96275b1c0d81b8ba,sanskrit,निर्व
pk_964790f5158418c1,sanskrit,गण्ठ्
pk_9648a01c209612b3,sanskrit,कृष्टि
pk_9654bdcf8cbe5cce,sanskrit,उद्थय्
pk_96757586b80d24aa,sanskrit,निगृष्ट
pk_967740ee23a2441c,sanskrit,कुम्बिक
pk_967bc33728589946,desi,-
pk_967bd4a8eb984ec6,sanskrit,गोत्र
pk_9688b1172245a30e,sanskrit,अभिनिस्न
pk_96bbaa660e2a8592,sanskrit,कनक
pk_96d41f21055feb2d,sanskrit,कौरविष्ट
pk_976f53ebde526c5d,sanskrit,घृष्
pk_9787030ae66cc225,sanskrit,उद्भ्तान
pk_979bb93d84ebf339,sanskrit,कुम
pk_97a098881e478db7,desi,-
pk_97b7f86a6930fdbe,sanskrit,कलङ्कय्
pk_97d40fcf3ea8966c,sanskrit,एजन
pk_97e777695c7c0b9f,desi,-
pk_980462afc22c71a0,desi,-
pk_980a2c8b36ee06f3,sanskrit,जीरक
pk_981191f2d28b7376,desi,-
pk_9811e6691524d48b,desi,-
pk_982439f0f5a2abbf,sanskrit,अबुब्ब
pk_983ad3ea7a1ac28a,sanskrit,कुलान
pk_98587df7b7d69c75,sanskrit,निवादिन्
pk_98592add25e80766,desi,-
pk_985a16ebbe7d0033,sanskrit,स्थान
pk_9872cb898a6c784b,sanskrit,छेपन
pk_98ba6cdb603e6404,desi,-
pk_98c77555b016d723,sanskrit,निरापित
pk_98ce21440cabbae9,sanskrit,एणित
pk_98f314e34f2e9258,sanskrit,अतिवृत्त
pk_991709c2bed850a8,desi,-
pk_9940f56ce1ff5ef4,sanskrit,अपद्य
pk_9951a44bd6a6eb20,sanskrit,आभोगिन्
pk_996affa7c8000a43,sanskrit,ज्ञातिन्
pk_996e518678aeaee3,sanskrit,आश
pk_996f26f04a0be10e,sanskrit,चावित
pk_9972fa39dfea8481,sanskrit,अर्गल
pk_99a6b4fe6173a663,desi,-
pk_99bb3d98ccc8b9b5,sanskrit,कुमारिक
pk_99c05b07d2334025,sanskrit,निर्णित
pk_99c92f9fc0c89b0f,desi,-
pk_99cffd6b4c68b744,desi,-
pk_99e6c9bbb4f7d9ae,sanskrit,जीवित
pk_99f8810694ea9d75,sanskrit,यवित
pk_9a38c1e7667f6daf,sanskrit,निर्वासना
pk_9a3acde2930caa0b,sanskrit,जयित
pk_9aa34f932d04640c,sanskrit,अवलुम्प
pk_9aa6a401bcbb88e0,sanskrit,कीष्टित
pk_9aa87e4735b14024,desi,-
pk_9aad0100006a2567,sanskrit,खट्टका
pk_9abdc4f413fbc9ba,sanskrit,त्रिलक
pk_9ac28797edaf2cdc,desi,-
pk_9aea2efae1411c3d,sanskrit,अवसित
pk_9afbf43e5559f29d,desi,-
pk_9b01f5763eabe4f1,sanskrit,उपारक
pk_9b10fd6356348497,sanskrit,निर्युह
pk_9b230e2d813640cd,desi,-
pk_9b4713d2c0bc160b,sanskrit,उत्स्थिन्
pk_9b5a368af4a9ded9,desi,-
pk_9b5c62aa99fda6dd,sanskrit,निहीड
pk_9b78da4f357f61ae,sanskrit,एणित
pk_9b7e36b84c2eca2d,sanskrit,कृष्ण
pk_9b9d10f2fb89bf03,sanskrit,खत
pk_9bcb7e150923150b,sanskrit,ईर्
pk_9bde6f66ec07a7f0,sanskrit,यस्त्
pk_9be972311e59b9c9,desi,-
pk_9bf72adda974d71d,sanskrit,स्थाप्य
pk_9c7635c0e098f6b6,sanskrit,आक्रुक
pk_9c87ccb9d8f72275,sanskrit,चङ्करीय
pk_9cada912f04246ce,sanskrit,अनुज्ञ
pk_9cb03c14c9c1646b,sanskrit,जीवन
pk_9cc03cbf05b03489,sanskrit,अनुम्भूत्
pk_9cc46cd1a76e0e33,sanskrit,उपवस
pk_9ccd45e00e55266d,desi,-
pk_9cf95684c35c60f7,desi,-
pk_9d092adc47d44e32,sanskrit,क्षुल्ल
pk_9d252164ee9acc10,sanskrit,यथन
pk_9d5f6ff024dca5ac,sanskrit,उपविद्
pk_9d73e651cc30993d,sanskrit,निर
pk_9dccbcd6c28c5f63,sanskrit,कील्
pk_9dd5c7fe6d84dab6,desi,-
pk_9df5fb517c073317,desi,-
pk_9dfa5762069b1b15,sanskrit,योपन
pk_9dfa813754b05fe9,sanskrit,उपेक्षीण
pk_9e0a4ed235e9a86f,sanskrit,अकङ्कण
pk_9e36c621092d5e8e,sanskrit,त्रासित
pk_9e5a8aa5d8b6cb54,sanskrit,अनुपागमन
pk_9e5f5a5340ad052c,sanskrit,गोषण
pk_9e910fd2e71e3c03,desi,-
pk_9e9ae74e1dfe2773,sanskrit,अम्च्
pk_9ec690bffec97c76,sanskrit,अजन
pk_9ee429e9678dbebf,sanskrit,गावी
pk_9ef8024bec936c89,sanskrit,निषेवण
pk_9efafbdada3e8fb4,sanskrit,घर्षणा
pk_9f1d4749fcc60ce8,sanskrit,आवर्तना
pk_9f272d4fbfacbaf0,sanskrit,आपाग
pk_9f2b82b42293e73f,sanskrit,निगायन
pk_9f6630f40035b875,desi,-
pk_9f6b579b4752de94,sanskrit,अभ्युगत
pk_9f858711cf67bf76,sanskrit,चक्षोलिन्
pk_9f87df302160b3fe,sanskrit,काणी
pk_9f8c65fbd3b03297,sanskrit,उपनतित
pk_9f9325e149324516,desi,-
pk_9fa1b4d8ebf40d41,sanskrit,चतुर्चित
pk_9faa9f0e5d8c8165,sanskrit,नीत
pk_9fc7f02ca1dc53dc,desi,-
pk_9ff889f1bdc77e4a,sanskrit,कण्डामा
pk_a00058837323f1c2,sanskrit,कुम्बल
pk_a0167c7d902b4df4,sanskrit,अभिरम्बित
pk_a01d1ee886bdccb5,sanskrit,चटक
pk_a026b4f89eabef96,sanskrit,कथिका
pk_a02d4fa0d366b3a2,sanskrit,आर्द्रित
pk_a02f61d98e8b65a1,sanskrit,क्षित
pk_a0530cfb4e952a40,sanskrit,आवर्तित
pk_a0790545a2984660,sanskrit,उपसर्वेर
pk_a0a9b7eb098b08a7,desi,-
pk_a0b557dbab60b78b,desi,-
pk_a0bbba492b4c94e4,sanskrit,आवर्त्त
pk_a10c16b2475d56bd,desi,-
pk_a11acee93d88dd88,sanskrit,उपवर्ध
pk_a11c77e9c07084ea,sanskrit,आविक्
pk_a1334fe8183500bd,sanskrit,अति
pk_a1351b08dfce23d7,sanskrit,त्रिपुक
pk_a14482710348e297,desi,-
pk_a1469e9a05cdaa32,sanskrit,जीव
pk_a15692c0a569c0dd,desi,-
pk_a159066e1e21cb02,sanskrit,आवेश्
pk_a1630a6b91c566a3,sanskrit,उपक्रिन्
pk_a16fb2bca9a10933,sanskrit,अभ्रम्
pk_a18e9f3c06f96b5a,sanskrit,उत्स्थित
pk_a19ad81ad547d829,sanskrit,अभिराहित
pk_a19e3a5c21727eb7,desi,-
pk_a1d14368bb931a8f,sanskrit,अशुङ्की
pk_a1f7a250d0f9f742,sanskrit,आताप
pk_a1f9e32c5f499e23,desi,-
pk_a21234075fe3e7d9,sanskrit,कुष्ठिक
pk_a22939eb55d5cd11,sanskrit,आस्
pk_a2339c6d4b0e7f80,sanskrit,अशुम्ब
pk_a249b05bd31018b2,sanskrit,ताटन
pk_a272c230f3d19d59,sanskrit,अकङ्कणा
pk_a277968f35bfed2e,sanskrit,उपक्रव्
pk_a2dd8d9244753c3a,sanskrit,निवाद
pk_a2e3afcbf6ed0010,desi,-
pk_a30e4589d59e87cd,desi,-
pk_a32bed26aa7c4a35,sanskrit,निक्षिप्तन
pk_a340edac117c4720,sanskrit,किटि
pk_a348dadb76d258d9,sanskrit,उच्छ्वस
pk_a37942484451cf79,sanskrit,खान्तिक्रान्त
pk_a38aca2eb94914b9,sanskrit,अतुल
pk_a38e8cc6330a7d0b,sanskrit,युज्
pk_a3a21affdfe6c1eb,sanskrit,अल्डिला
pk_a3d1ca9f786054f0,sanskrit,कम्प
pk_a3e39a801a498d6c,sanskrit,अभिर्द्
pk_a3fa25b64c0dd670,sanskrit,अजाञ्जित
pk_a4043cb62843d727,desi,-
pk_a4113c09db22817d,sanskrit,उपश्रव
pk_a445333cc02e25ac,sanskrit,चारिन्
pk_a4521eabe8b0bff8,desi,-
pk_a476769c99dc186b,sanskrit,अभिवास्
pk_a47ced2fabb8c2c6,sanskrit,अवसेव्य
pk_a47d075ebe6922c5,sanskrit,निर्लोपन
pk_a47de73c7672e1b5,sanskrit,कल्कलक
pk_a488121b2c9e8694,sanskrit,अवकाङ्की
pk_a49a0a381847df10,sanskrit,आघ्रा
pk_a4d134d1b2f2b055,sanskrit,आहारित
pk_a4f4a69340393496,sanskrit,कण्डम्ब
pk_a509eafad1875699,sanskrit,तना
pk_a516d647fa14abde,desi,-
pk_a522a9d951a80144,sanskrit,उपल्लविन्
pk_a54dc032cd1d0788,sanskrit,कारिका
pk_a54f4a81c497ae58,sanskrit,कुलिप्त
pk_a560791e6cb6d2d5,sanskrit,कुपट
pk_a5651071ad653bc3,sanskrit,अनुपरामक
pk_a565c1152224b39d,desi,-
pk_a56840ba366146be,sanskrit,निगय
pk_a58984a399d3a5fb,sanskrit,याविका
pk_a59d3dbb92e6f21d,desi,-
pk_a5a04f4d1a0328f2,sanskrit,कर्णक
pk_a5a55996fdc3144c,sanskrit,तुलित
pk_a5b34201bcaf7779,sanskrit,कली
pk_a5d50b24ba1d549b,sanskrit,क्षपित
pk_a5e427d04388953d,sanskrit,चर
pk_a644fa84358ff47b,sanskrit,काकन
pk_a64a0d5e286ae4d1,sanskrit,निग्रन्द
pk_a66af1d6d03818e5,sanskrit,अघ्रातिक
pk_a681a0dd638fe610,sanskrit,कञ्चन
pk_a69713dbabbf0079,sanskrit,कटिका
pk_a6a136454b8b2d63,desi,-
pk_a6c4a3092aeb4e48,sanskrit,क्षिप्
pk_a6c73a4b7f813f98,sanskrit,अस्तुग्त
pk_a6ef24e7033d206b,sanskrit,किष्ट
pk_a702c061fb1926c9,sanskrit,कर्मा
pk_a736152a6026769d,desi,-
pk_a750955e589eaeb4,sanskrit,घुर्ध
pk_a77d4fbf0520db92,sanskrit,अनाश्यारिन्
pk_a780bcc7d5969ff7,sanskrit,तेपित
pk_a7b5219ec85aca40,sanskrit,यूक
pk_a7d1f8d5c5168ecb,sanskrit,निर्मासन
pk_a7f9d7145378a92e,sanskrit,चित्रि
pk_a80ba21bf1c2650b,sanskrit,अत्यरित
pk_a828884660807652,sanskrit,अङ्गमना
pk_a8519be60228950f,sanskrit,अवधृ
pk_a8529d4b3fbdaaf6,sanskrit,गना
pk_a8558246c17738f9,sanskrit,ग्रह्
pk_a8560c971c510972,sanskrit,कुम
pk_a8616c612180bdca,desi,-
pk_a87ef12e330f7ac7,sanskrit,क्षय्
pk_a882ad9c2e4c5f8b,sanskrit,तप
pk_a8aeb60783c40c8f,sanskrit,निव्रति
pk_a8c66f6720e743a4,sanskrit,क्षय
pk_a8e0e3e82960e6a8,sanskrit,गछन
pk_a8e3e84582c0a1cf,sanskrit,कोशाय
pk_a8fe9c52c3996bc0,sanskrit,निग
pk_a91564296befcac6,sanskrit,चकण्चक
pk_a95437d26d363877,sanskrit,उत्ताटन
pk_a9e3916f504b191f,sanskrit,आभियोगिका
pk_a9fe8c5d7a8a8a01,sanskrit,गर
pk_aa1f853bded13fef,sanskrit,तप्
pk_aa3d989fe917ace3,sanskrit,उपेक्ष
pk_aab98b6131b28bd4,sanskrit,आक्रमित
pk_aac43969bc7083d0,sanskrit,कर्षिटा
pk_aad3d68422ff3590,desi,-
pk_aafa832dd96aec56,desi,-
pk_ab011ae481dd23de,sanskrit,अध्या
pk_ab08e5c8e93767eb,sanskrit,कृत्ति
pk_ab6a71c9d490cc36,sanskrit,तूण
pk_ab8fdb225f0864ff,sanskrit,इन्दिर
pk_abbe888e5f9b9b85,desi,-
pk_abca890823ffe628,sanskrit,अभवास
pk_abddcbcbfc820364,sanskrit,छिद्
pk_ac115eda2fff691a,sanskrit,उपकारण
pk_ac13f01101d10f66,sanskrit,कान्तर
pk_ac374f207baadd2a,sanskrit,तेज्
pk_ac46fc1f0e2d81e6,sanskrit,काणित
pk_ac5b3329b1b24d25,sanskrit,निवसित
pk_ac7ed676310662b4,sanskrit,यवित
pk_aca378ab3cf4b683,sanskrit,अहन
pk_acc284f86af50887,sanskrit,उत्सी
pk_acd00bfa5c3425be,sanskrit,अतिवरण
pk_ad214e9a15731b47,desi,-
pk_ad47a7c6be4fa474,desi,-
pk_ad5d957b0a028d95,sanskrit,अभ्रस्
pk_ad723bf37e2842ec,sanskrit,उल्लेप
pk_ad81c8a0960f136b,sanskrit,अभिरव्धित
pk_ad92ee48c866c521,sanskrit,अर्घा
pk_ad9b3a20cb22455c,sanskrit,चुर्णिका
pk_adae92396c5aafed,sanskrit,आरत्तिक
pk_adb44bdc6638879c,desi,-
pk_adc874af773cf6ce,desi,-
pk_ade5402be80c9cfe,sanskrit,कुक्क
pk_ade5c6e0aaf872f3,sanskrit,अवपट्
pk_ade758da8982a3bd,sanskrit,निर्युत्तम
pk_ade84d96bb2ea258,sanskrit,अक्षित
pk_ae4291fdf89c9f5f,desi,-
pk_ae599e338b781654,desi,-
pk_ae62ec630bce71ae,desi,-
pk_ae7813f421a5f132,desi,-
pk_ae78245106ed4882,sanskrit,त्रिक
pk_ae9e9532a357a505,sanskrit,अनघातक
pk_aea97313ffd94287,sanskrit,निर्वृ
pk_aeaf7077c1e2c353,sanskrit,तरङ्ग
pk_aecc5b6361ffe0b0,sanskrit,काम्भीलिन्
pk_aed87dc941109252,sanskrit,अल्लोक्ल
pk_aedb1e3395a36d93,desi,-
pk_aef6af5f0ba24c8b,sanskrit,अघ्रात
pk_af1b30479791a6b7,desi,-
pk_af2459b82be60399,sanskrit,अतिष्टक
pk_af24c675561ff6cf,sanskrit,उद्घान्
pk_af2c65984fe9b4ea,sanskrit,अनियतन
pk_af3eca2765e7b397,sanskrit,आभाक्षय्
pk_af429f95369be23b,sanskrit,अम्भ
pk_af6c3a006786d0f6,sanskrit,निर्वित
pk_af7ca7fa2d1ad9c3,sanskrit,आभोद
pk_afa42a8817b77004,desi,-
pk_afb951c8dbb4e395,sanskrit,कारक
pk_b0093155c8107f88,sanskrit,आविद्ध
pk_b013947bfb4b83ab,desi,-
pk_b016e9dcbffb96c0,sanskrit,अन्येशय्
pk_b01b2c294cddccb2,sanskrit,निर्ह्
pk_b01ed0a1c9adc74a,sanskrit,कृष्ट
pk_b03ac895156c8ec1,sanskrit,आयत्त
pk_b03c951868c4edb6,sanskrit,अवस्त
pk_b04375375df9912b,sanskrit,त्रायिन्
pk_b054a94beed52e6a,sanskrit,चोरक
pk_b0576061969a89fd,desi,-
pk_b06a4d70b4889188,sanskrit,अशुम्ब
pk_b06e3394618a37bb,sanskrit,असंसा
pk_b06f59ebabd0ec33,sanskrit,आवर्तन
pk_b07805d76aea66e6,sanskrit,निर्वृत
pk_b09c748f3d341824,sanskrit,उत्पत्त
pk_b0ad099465ad0b61,sanskrit,क्षभ्
pk_b0b2774a957695b6,sanskrit,चलिका
pk_b0b51f025f39a665,sanskrit,अप्रिच्य
pk_b0bb98ad3701702a,desi,-
pk_b0beb07115b7eb3a,sanskrit,निराङ्गिन्
pk_b0c5a17e1a5aca89,desi,-
pk_b0cd4fe4d88b1ec5,sanskrit,उत्स्ति
pk_b0f9d538299a1f1a,sanskrit,जन्तायन
pk_b105b95cd312053b,sanskrit,निर्लोपय्
pk_b116a0273ef3073a,sanskrit,डर्
pk_b138268a1e32efa2,sanskrit,अनीत
pk_b1468e70ce5a6b99,desi,-
pk_b155ed8f0fc1d490,desi,-
pk_b16355e5a789da67,sanskrit,योधिक
pk_b17e9d488c168abc,sanskrit,उपकृत्
pk_b187f3801541868b,sanskrit,गोणी
pk_b1b4731bdbea10dc,sanskrit,अर्धण
pk_b1c5add9291d37d6,sanskrit,घ्राणित
pk_b1d5b15eb4e3afee,sanskrit,तुष्
pk_b1dd5b1d4c1f51e8,sanskrit,निर्वृत्
pk_b1e8c33648a35195,sanskrit,कवष्ठ
pk_b2554153ef6e56fa,desi,-
pk_b25a375106008379,sanskrit,कङ्कलित
pk_b268c9e27e8ecd67,desi,-
pk_b2d334589093373e,sanskrit,कर्जित
pk_b30a77f76e245a91,sanskrit,आभविष्य
pk_b328c0459165b8a9,sanskrit,अभिग्रह
pk_b349eb699bc3527f,sanskrit,अभ्यात
pk_b3975255ec85c9aa,sanskrit,अति
pk_b3aacf7670677f17,desi,-
pk_b3ae7e12c40aec19,sanskrit,अशंसि
pk_b3bab5ca617aa348,sanskrit,अवसान
pk_b3c14f513978e2dd,desi,-
pk_b3c60a6655c5aec4,desi,-
pk_b3ccb5ddc5aa572e,sanskrit,अगीत
pk_b400447be7a3b600,sanskrit,जृत्
pk_b407a1897cf3a0d8,sanskrit,ताटय्
pk_b4158b4fa192b420,sanskrit,निर्वेश
pk_b419d8f75c1457b6,sanskrit,अभ्रह
pk_b4377cddb5a9e480,desi,-
pk_b443ee7aac4750bf,sanskrit,याग्राहण
pk_b445b1c7573cedc1,sanskrit,अनियतन
pk_b448c941b0cf91bd,sanskrit,कुतिक
pk_b481f819034630a5,sanskrit,निवृत्त
pk_b489401d01c2c699,sanskrit,कालीयन
pk_b4d63a87ead98469,sanskrit,निर्वाण
pk_b4ec3f2c37a55807,sanskrit,अहो
pk_b4f6d9ce3508c878,sanskrit,उपचरित
pk_b501e0e0cb672ba1,desi,-
pk_b50675c9971c852e,sanskrit,उपवर्तन
pk_b52f543091472de1,desi,-
pk_b548f832c9a5010c,sanskrit,इतरिका
pk_b562cc7a6e63ac6b,desi,-
pk_b593a5711f118a6e,sanskrit,तेजन
pk_b5a21da65fd2b463,sanskrit,आहिका
pk_b5cda4b22d49c15c,sanskrit,जित
pk_b63d6ce89d74ed90,sanskrit,अभिसंभिन्
pk_b63e27652a4c85ff,desi,-
pk_b6610135d1a16e04,sanskrit,निर्वाद
pk_b68e87779619f2ea,sanskrit,त्रेशिक
pk_b6ae322f5dd214c9,sanskrit,अभ्युत
pk_b6d67cabea9d44e8,sanskrit,क्षेध
pk_b6daa08e1ca86321,sanskrit,न
pk_b6fc7289f39bdb32,desi,-
pk_b70c30266b3172cc,sanskrit,उपकृत्
pk_b70c9417902ee85b,sanskrit,नवित
pk_b723c370a415a841,sanskrit,उद्धर्विन्
pk_b7279e6246af5c21,desi,-
pk_b730f49de8063c65,sanskrit,निल
pk_b74042c0345bcb9f,sanskrit,अबुद्ध
pk_b74a2fefc7e8ba32,sanskrit,उत्प्रित
pk_b7730c75598ccd7e,sanskrit,अवगण्
pk_b79e5a8a019fdcdf,desi,-
pk_b79fd2c0444e1426,sanskrit,आस्थान
pk_b7e000673629619b,sanskrit,इष्वन्दित्रावतृ
pk_b7ea3bdb1792097b,sanskrit,उत्स्था
pk_b7ff1bdd9f1e7784,desi,-
pk_b82368b5bd99af7c,sanskrit,चालित
pk_b84b887023e21eb2,sanskrit,अवलह्
pk_b853ef16d4a3247c,desi,-
pk_b85e5703466de2fe,sanskrit,आहित
pk_b8789291f4b28e17,sanskrit,उपकारित
pk_b8977f6d343cd587,sanskrit,त्रिस्त
pk_b8ac8e3be99dfd93,sanskrit,निवृत्तिन्
pk_b8c8a6c83dd299f2,sanskrit,गुरुतित
pk_b8d44d35796f0f26,sanskrit,क्षेमन
pk_b8ea918b3c740d67,desi,-
pk_b90bdd71027559ae,sanskrit,आवस्
pk_b933b8ae7a3b13d1,desi,-
pk_b94f6e7bb04ca570,sanskrit,निवाटय्
pk_b95cf5ffe412cb0b,sanskrit,चाम्पन
pk_b978ca0e861a7291,sanskrit,क्षेन्धर
pk_b980f2c4dbdba171,sanskrit,कासीन
pk_b9998359bd2d9ee7,desi,-
pk_b9a8d662aafc02ac,sanskrit,एण्डर
pk_b9afa3981d7dbc80,sanskrit,तरक्तर
pk_b9daf9bc04debfb2,sanskrit,नीरवार
pk_b9e63c7eaac63511,sanskrit,अवधेका
pk_b9fbf09e5b101758,sanskrit,गण्ठिक
pk_ba0a714abf55049e,sanskrit,आलवन
pk_ba23e2abfa0b95f9,sanskrit,कन्तम
pk_ba36bed8c2939308,sanskrit,उद्तारक्तर
pk_ba3a7c248c04a96f,desi,-
pk_ba4fac0a5a0cadeb,desi,-
pk_ba51e5820489ed3e,sanskrit,कलिञ्प
pk_ba5a5500b8dcbb0f,desi,-
pk_ba731aef95eee044,desi,-
pk_ba73257ff2841013,sanskrit,अनुभव्य
pk_ba7db0fa85e18dee,sanskrit,अभ्यस्तन
pk_ba80482fc562df8e,desi,-
pk_baaed7a86c5063da,sanskrit,निधिवन
pk_bab03389972972fa,desi,-
pk_bac1db4db3cc96f1,sanskrit,अती
pk_bb01e786d2bfe6a1,desi,-
pk_bb033f406b75788a,sanskrit,आधाप
pk_bb357946ed63ab98,sanskrit,क्षुट्
pk_bb445474829cf7cb,desi,-
pk_bb515846fc53b984,desi,-
pk_bb75d85ab25f5603,sanskrit,अनय
pk_bbae28551d3f606e,sanskrit,आलपय्
pk_bbeed9a279cb2386,sanskrit,यापय्
pk_bbfc6c518b8c5769,sanskrit,अग्रेयी
pk_bc2049c5880daf6c,sanskrit,कवणी
pk_bc3999f987eada76,sanskrit,क्षिपा
pk_bc41825b36a3e759,desi,-
pk_bc476377a8e22a45,sanskrit,अङ्कुर
pk_bc554158d55b78e2,sanskrit,आलवित
pk_bc759635ee04b478,sanskrit,निग्न
pk_bc88e8c80b8f1522,desi,-
pk_bcd1f83959d62bd5,sanskrit,उपकार
pk_bcd75e4949afda8d,sanskrit,चित
pk_bd0277d12040f9e9,sanskrit,निवेशय्
pk_bd5193c787f62a0e,desi,-
pk_bd59f0c6775b89a5,sanskrit,उष्टा
pk_bd62ca9a81167617,sanskrit,उपरोह
pk_bd68ca90c880ecd2,sanskrit,आतापन
pk_bd707ef9895abbdb,sanskrit,कम्प्
pk_bd767e622058ac16,sanskrit,अन्दश
pk_bd9680c42f3a9763,sanskrit,निर्यविन्
pk_bda244b67d1efc61,sanskrit,अवधावय्
pk_bda4bf45c0ed9da0,sanskrit,अवघ्रतित
pk_bdaef10572d779d2,sanskrit,उपस्थापित
pk_bde0a626694eec83,desi,-
pk_bdf9b3b7f60cf978,desi,-
pk_be12ee9c9cd7d30c,sanskrit,आम्
pk_be1f10475bd4a7dd,desi,-
pk_be1f7fa9a1241649,desi,-
pk_be39d7a01eebd2ef,sanskrit,उपवृत्त
pk_be3f3dff35753e98,sanskrit,खाद्य
pk_be4337b3fd5ce366,sanskrit,चञ्चा
pk_be50a879ff473777,desi,-
pk_be8f7928bd89c962,sanskrit,आरय्
pk_be9ca8eabe142aeb,desi,-
pk_beca11192628a1ac,sanskrit,आन्धिप्
pk_bee9c74a702154d9,desi,-
pk_bf0c4cfdcb26dd9c,sanskrit,अवहत
pk_bf6b7203f8ff6b2e,desi,-
pk_bfa658397b3da97d,sanskrit,कुष्
pk_bfc823cda5ffbd20,sanskrit,असुम्ब
pk_bfcb5e3b000b50c5,sanskrit,आक्राधिक
pk_bfd51785e18d4903,sanskrit,अघ्राक
pk_bfddac51bfc729f3,sanskrit,काहक
pk_bfde28aa9f40db74,sanskrit,निर्मापित
pk_bfde3789a1a8f083,sanskrit,कृत्त
pk_bfea47c88b36275d,sanskrit,कुटी
pk_c000d306abb421b8,sanskrit,चेटी
pk_c013941842d74c9e,desi,-
pk_c01d502b590c48de,sanskrit,कोलान
pk_c02b599ec83282ea,sanskrit,क्षोटिक
pk_c02c5909439f1490,sanskrit,त्रेशित
pk_c0453bdeeb30bcde,sanskrit,कुर्म
pk_c08c94a488c996eb,sanskrit,अवसंवित
pk_c0b2a9fba5404ddb,desi,-
pk_c0e4da01e742e47e,sanskrit,अब्बुक
pk_c0fafcf1bb26385a,desi,-
pk_c1280af274c5a033,sanskrit,अभिग्राक
pk_c140815e130e0c25,desi,-
pk_c15f8f81a1eaa7e3,desi,-
pk_c172c4be3528a56a,sanskrit,निकेपक
pk_c1744670e3b69dba,desi,-
pk_c18ac2dbf0f9bbd3,sanskrit,कुण्डक
pk_c1914179e7df6ff5,desi,-
pk_c194e5dd2ce67995,sanskrit,निर्मापिन्
pk_c19f4a95486140b6,desi,-
pk_c1fcd875306bf049,sanskrit,किर्टि
pk_c221ca25476b532d,sanskrit,स्नाल
pk_c22a50ade36ee1b8,desi,-
pk_c22c68d06ea07f59,desi,-
pk_c23865f0742cc2e7,sanskrit,कङ्कल
pk_c24d6786cb863eaf,desi,-
pk_c25281b2f15241af,sanskrit,उपवृत्त
pk_c259bad2ebf6af64,desi,-
pk_c262e14961e49823,sanskrit,आश्वेषा
pk_c26a9603ea1b6ed3,desi,-
pk_c26c3a2f7a47c935,sanskrit,ताण्डवत्
pk_c26f3e392475a663,sanskrit,क्षेपान्त
pk_c27157f97eb153cd,sanskrit,आभियोगित
pk_c28100b43e5b49e2,sanskrit,चयन
pk_c2951abea31727d3,sanskrit,घान
pk_c2a23baf9a2891db,sanskrit,कुराधार
pk_c2afd177b2e28e76,sanskrit,आली
pk_c2ddabc98114d92b,sanskrit,तक्ष
pk_c2fa9afde7926876,desi,-
pk_c312abc1a87f636b,sanskrit,ज
pk_c3196a91e031fab6,sanskrit,निर्वृ
pk_c3364d561313aa6f,sanskrit,कुहितृ
pk_c35daa680b89177e,sanskrit,छिद्
pk_c367bc8fc8d6255c,desi,-
pk_c3684318ba486ff2,sanskrit,निर्वेष्
pk_c36e7078d9bad646,sanskrit,उद
pk_c37bdf773e69b7c9,sanskrit,क्षिप्त
pk_c37ca94011f7a939,sanskrit,आश
pk_c3c3bd157b459901,sanskrit,चालप
pk_c3c6faac58bfc48a,desi,-
pk_c3e7201407f59285,sanskrit,अन्यात
pk_c4208588fa9e5772,desi,-
pk_c46a78aeb408c119,sanskrit,आधावित
pk_c4728365108837ce,sanskrit,कुसामरी
pk_c4b7b0f297f80f21,sanskrit,कीलन
pk_c4e4a2ff17f92af1,sanskrit,उपात
pk_c4e4a51e3dd12f55,sanskrit,अभिनिह
pk_c4eb72bcb1041c1a,desi,-
pk_c5081c076417c0e7,sanskrit,कल्पिन्
pk_c523933ad19e7552,sanskrit,अवतारण
pk_c5660d3935c57634,sanskrit,योपन
pk_c5896f81ca39644d,sanskrit,अवमानी
pk_c5b3ce5b0ff034b9,sanskrit,अवर्तिक
pk_c5b421611db76f76,sanskrit,कारिक
pk_c5d171699064741b,sanskrit,निवृत्ति
pk_c5fb29c53f671c11,sanskrit,आवर्षिका
pk_c60b1e34dd095190,desi,-
pk_c6170e14760cc306,sanskrit,इवन्दीर
pk_c65f8cdf550434f4,sanskrit,उपवर्तना
pk_c666f7c93fbfa501,sanskrit,जूत
pk_c6685fe13ffb471f,sanskrit,उत्सादित
pk_c67e8e8d0baafabd,sanskrit,उद्भ्रम्
pk_c67ec7876eba7b2f,sanskrit,छेदक
pk_c6960aada5b42395,desi,-
pk_c6b53f4594dcc0c0,sanskrit,कुमी
pk_c6b84cb5e27fee3b,sanskrit,त्रिपत
pk_c6c847decda17b17,sanskrit,निरेष
pk_c6c9244fdd793be8,sanskrit,तिलिङ्ग
pk_c6c9bb91657a98b0,sanskrit,आभाव्य
pk_c6dd46f68b220398,sanskrit,गान
pk_c6e63b5a6dfed41c,sanskrit,उत्स्तारित
pk_c6f901774a3ee983,sanskrit,उपायन
pk_c7205157e856940a,sanskrit,खल्लम्भित
pk_c7314e028d843fd6,sanskrit,अग्रित
pk_c74cc8e848a84505,sanskrit,क्षोट
pk_c75280cba84ad1d5,sanskrit,अश्विना
pk_c75c91473a1d9a3c,desi,-
pk_c767946ecf5e10a0,desi,-
pk_c768d3ead1a14ba3,sanskrit,अनेजन
pk_c76a832b7de60fdf,sanskrit,जमित
pk_c791b0708c122dc4,sanskrit,कृत्
pk_c7af62980481a2fa,sanskrit,तुड्
pk_c7e316f147017817,desi,-
pk_c7ec91a4b5a885de,sanskrit,किर्भिट
pk_c7fde50667aa1900,sanskrit,कर्कट
pk_c8012f3478381693,desi,-
pk_c80c9fea559fdef3,desi,-
pk_c80e0eef515a3ab4,sanskrit,नाली
pk_c8223e628341dfa5,sanskrit,कम्पित
pk_c83e8e94c18affc8,sanskrit,अवगूहन
pk_c841d504f0633d83,sanskrit,अवरोह
pk_c85910bb1c151df2,sanskrit,अभवासक
pk_c8a4751e7854acd4,desi,-
pk_c8bdcc6255529473,sanskrit,अवष्वष्क
pk_c91ab9ffbd07c630,sanskrit,यत्रा
pk_c91d64b2161e3dfa,sanskrit,केत
pk_c95bdeb7a09da6e1,sanskrit,उत्त्तुक्
pk_c9696201d794f58e,sanskrit,आन्त
pk_c970a92d20b49e43,sanskrit,अवस्तु
pk_c980d91950b1023a,sanskrit,अनारिक
pk_c991ce3ec865e799,sanskrit,चलना
pk_c9a6450b7afb5fb7,sanskrit,कर्दिक
pk_c9af2dfa9575876b,sanskrit,अर्णो
pk_c9da83fe3a0e9cc8,sanskrit,आपत्त
pk_c9e89824f7e05bdb,sanskrit,क्षोद्य
pk_c9f379a8ba4adfd6,sanskrit,आधान
pk_c9fba3f8e4d1de13,sanskrit,क्रमस
pk_ca27ecfebf7a5190,sanskrit,अर्गारण
pk_ca2c1b09e5593276,sanskrit,अनुविष्टी
pk_ca30f8be6532dc04,sanskrit,घोना
pk_ca45a00458d502e5,sanskrit,अतिष्ट
pk_ca6937e4cc1ad52d,sanskrit,अतिरा
pk_ca99e4f3483d4a97,desi,-
pk_cabd48df7d395384,desi,-
pk_cafca8ca2f8d6618,sanskrit,आनी
pk_cb00249597b88c56,sanskrit,अवस्वाट
pk_cb043bda80ec6e17,desi,-
pk_cb07971c117c24ec,sanskrit,अवसंवान्त
pk_cb21fe2280b6e1b6,sanskrit,कोष्ठ
pk_cb466dccd5464508,sanskrit,त्रिल्ल
pk_cb7419704fb56b62,sanskrit,अवलुण्डय्
pk_cb8ad8a8983dae46,sanskrit,अनुभाक्षण
pk_cbb8da83321ba51d,sanskrit,एङ्गिक
pk_cbc7a1f888b96315,sanskrit,अतिष्ट
pk_cbeb24d3a0b12d4c,sanskrit,तुग्ला
pk_cbfc7c7f34fd9c49,desi,-
pk_cc2a36dd6cf3fd02,sanskrit,इन्दि
pk_cc335faf988fedf6,desi,-
pk_cc38ca08cbd1adfc,sanskrit,क्षुल्
pk_cc509e1ede44e014,sanskrit,तपित
pk_cc80762ec47f31ea,sanskrit,आयम
pk_cc93b38abe9aee67,desi,-
pk_cc9510a769f88660,sanskrit,कवण
pk_ccf7c62b418b8a7c,sanskrit,अवस्थान
pk_cd26acabf7ef923e,sanskrit,चञ्चित
pk_cd37b705b505d477,sanskrit,उपश्रवी
pk_cd37f206b2644483,sanskrit,उत्तानित
pk_cd3d139115ddde83,desi,-
pk_cd58b98828339624,sanskrit,उपल
pk_cd74bcf3fd8a898b,sanskrit,खिरालय्
pk_cd7e2255ffbddfed,sanskrit,चतुन्दन
pk_cd95d45ec0b6e3b7,sanskrit,निवर्तिक
pk_cda1205ea4a03aac,desi,-
pk_cdab4211ab7230ac,sanskrit,अतिञ्चित
pk_cddfd3d940cf4e66,sanskrit,आलयित
pk_cde07a3c6d2cd703,sanskrit,निष्ठिन्
pk_cde18def6ca8a76f,sanskrit,कम
pk_ce0e73551274ce93,sanskrit,गुध्य
pk_ce1108c0f4ac7ee7,sanskrit,केशर
pk_ce2b99de59c82826,sanskrit,आधाव
pk_ce4050954c297bba,sanskrit,उपवृत्त
pk_ce5e97f6c10e3026,desi,-
pk_ce6af4fcb81f1171,sanskrit,आमति
pk_ce7925628947a833,sanskrit,अतियात
pk_cea50c058e1313db,sanskrit,इषेम
pk_cea5ba9bbdad5e9e,sanskrit,अवघ्रतित
pk_ced6b43e9b0243c0,sanskrit,कलिनी
pk_cef0b4fa695fbd73,sanskrit,यवगीक
pk_cf1cf67235600db0,sanskrit,आक्रुषित
pk_cf2052ecdb162dae,sanskrit,नियामन्
pk_cf263b3149b8fd4d,sanskrit,अतिर्घातृ
pk_cf2fed148b4b585a,sanskrit,गणित
pk_cf792903b0a02bcd,sanskrit,उद्गुन्त
pk_cf9f1be48e536664,sanskrit,आधाविका
pk_cfa374347c7a3455,sanskrit,एणा
pk_cfd160fb834944d4,sanskrit,अनात्य
pk_cfe40fdc4ebf6299,sanskrit,कुञ्जि
pk_cfeddbb1bde49fe9,sanskrit,त्रिशुणी
pk_d00d24761e789781,sanskrit,अशीन
pk_d01788ef2a614b6b,sanskrit,आहिन्
pk_d05bef0995a9a35b,sanskrit,इन्दिर
pk_d068dcd58be4f85d,sanskrit,अभिषाविन्
pk_d078ef0fb9ac45c1,sanskrit,कृत्त
pk_d096fb181c7dea3c,sanskrit,त्रोमालिका
pk_d09a3707164e9f6c,desi,-
pk_d0c893ef2074a15b,sanskrit,अस्त्थ
pk_d0cbcae2448bf2d0,sanskrit,अवकाशित
pk_d0d0be10e8d9f90f,sanskrit,यात्तिक
pk_d0e71becf8774f8d,sanskrit,चलन
pk_d0ffc0610e641893,desi,-
pk_d164c5041dd5d0fb,sanskrit,अद्भुत
pk_d1730038ac4c7f8b,sanskrit,आश्व
pk_d1a7aa16165c1610,desi,-
pk_d1b6fcfabd980a2b,sanskrit,केशित
pk_d1cf46569153bc4b,sanskrit,कचित्
pk_d1e1d93130283dc2,sanskrit,तिल्लिल
pk_d1e381ffcd095f03,sanskrit,यदि
pk_d208c95919c0e2c7,sanskrit,कुच
pk_d2091f5238270dc5,sanskrit,उपगूढ
pk_d211c68f81353d3d,sanskrit,घर्ष
pk_d218777280b3325e,sanskrit,अवस्तरित
pk_d22280ea4de586b0,sanskrit,कुलम्ब
pk_d254bd22671a848c,sanskrit,उपल्लपन
pk_d2611757baa3fe0d,sanskrit,अवसार
pk_d27664630d741d78,desi,-
pk_d287ea5cdcad8687,sanskrit,कुण्डका
pk_d289f05323b8efb2,sanskrit,कावणिन्
pk_d28cb3cc03246d41,sanskrit,निवादित
pk_d28dfec693f06793,sanskrit,उपातित
pk_d2f2df9c1aa50653,sanskrit,यति
pk_d2fa5c6df3f76d65,desi,-
pk_d3015f32d776fc2b,sanskrit,निर्वृत
pk_d306380a5308649c,sanskrit,उपरत
pk_d31307187d2f951a,sanskrit,अपवसन
pk_d3268fd32b7a2f5b,sanskrit,उत्कलश
pk_d332c3366c371cb6,sanskrit,आपादय्
pk_d3958bf467835a39,desi,-
pk_d3a1e28b2b79b641,sanskrit,अपस्थाप्य
pk_d3a5427e240e7325,sanskrit,उपाव्य
pk_d3bd43562e360fc6,sanskrit,आवृष्ट
pk_d3c8c1689d5c46d6,desi,-
pk_d3cac2dbac63a572,sanskrit,क्षिप्त
pk_d3edb2ffd7bf72e3,desi,-
pk_d3eff5504a52712e,sanskrit,निर्यासना
pk_d40aa3e34e0fe270,sanskrit,तैत्रिक
pk_d410b09274f571ff,sanskrit,छुभित
pk_d44317ef61182cb2,sanskrit,निर्णात
pk_d44d8769f8b4cfec,sanskrit,अन्दिका
pk_d455692e4fedb2fd,sanskrit,उष्ट
pk_d46fe21ebc3fabd4,sanskrit,अभिवर्ज
pk_d4714f981c578f4d,sanskrit,चञ्च्
pk_d4791cb5748a5a5e,sanskrit,उद्तेतन
pk_d47b4efadd1625ff,sanskrit,चालन
pk_d49072009305d4b1,sanskrit,ग्रहिन्
pk_d4982244d4b17155,sanskrit,अरे
pk_d4d7a3867ed5d65b,sanskrit,कौल्लोट
pk_d4f5273144890331,desi,-
pk_d4f8ee251b903a5b,sanskrit,तुडि
pk_d51c195499127e39,sanskrit,अष्टि
pk_d535911e7d8eabe7,desi,-
pk_d53d460d07985497,desi,-
pk_d547ed7f188b56c8,sanskrit,अस्त
pk_d55fede5e240d95d,sanskrit,त्रूष्
pk_d57b442e33ad9700,sanskrit,चित्रिका
pk_d5a8a376fcbc5402,sanskrit,तैलिक
pk_d5c3931c82d27713,desi,-
pk_d5d36dfadf9cc17c,sanskrit,चत्वारिंश
pk_d5f0f5b599d92735,sanskrit,जीवम
pk_d60161789080a88e,sanskrit,उपरवति
pk_d618325f3338d754,sanskrit,ग्लानित
pk_d621d639ccaf4917,sanskrit,उपमृ
pk_d622c69674781df0,sanskrit,आली
pk_d64187736236572b,sanskrit,ग्राणी
pk_d646b7978c59a81e,sanskrit,उत्स्त
pk_d65e43f079494cfa,sanskrit,घर्णापिका
pk_d666575e51bd5ac6,sanskrit,उत्कुल
pk_d668bece9af06e42,sanskrit,आवेष्
pk_d68b014efd295eea,sanskrit,आवर्तिका
pk_d69b258ef27bb4dc,sanskrit,निगम
pk_d6a8f85da3bf579d,sanskrit,कर्करटिन्
pk_d6c3210f9086413f,desi,-
pk_d708c70602408657,sanskrit,अभयुत्
pk_d70ea3bbb421ce9d,desi,-
pk_d71f7d3dbbe48ac2,sanskrit,कृत्
pk_d7239091438a9b57,sanskrit,अर्चिक
pk_d7391a8b10021ff9,sanskrit,अशुङ्क
pk_d76b5867d49a45bb,desi,-
pk_d76e50c5cefef68a,sanskrit,अर्घा
pk_d77bc527e0e17f02,sanskrit,छिद्
pk_d7b6e852cfa630b8,sanskrit,क्षण
pk_d7c2b01eeea3f666,sanskrit,निर्वा्
pk_d7d8e3359074a211,sanskrit,युक्त
pk_d7de2067957d6867,sanskrit,कम्पिन्
pk_d7f164c483a564f7,sanskrit,क्रेमार
pk_d7fdce7c4af114e4,sanskrit,किङ्कि
pk_d8022896682959b4,sanskrit,उत्तर
pk_d8179c778fab0ff1,sanskrit,निर्भाविन्
pk_d81b0a9dfbb7ed55,sanskrit,तक्र
pk_d82d1d6746492c41,sanskrit,क्षुभ्
pk_d83fbef146384007,sanskrit,निर्वूढ
pk_d84afbafa84f592d,sanskrit,जीव्
pk_d85bd844b367f995,desi,-
pk_d8b368b587c048d3,sanskrit,कालम्भाव
pk_d8ba71c48135d4ea,sanskrit,आपूर्षित
pk_d90070766c47e5df,sanskrit,षधि
pk_d934514c238af561,desi,-
pk_d978a3ed1158e5f8,desi,-
pk_d991b08d08615360,sanskrit,कुड्ड
pk_d992cd34a02d75d1,sanskrit,निष्टम्
pk_d99c2063088fac8d,sanskrit,कोन्तिक
pk_d9caf4bd7430743c,sanskrit,अनुजन
pk_d9de54764c6c79d9,sanskrit,निहीत
pk_d9e6aa405dda6ed6,sanskrit,अकारिका
pk_d9f62ca4be502955,desi,-
pk_da07501f9c4a4fd8,desi,-
pk_da08117ec99e4a9f,sanskrit,यवित
pk_da0c475b70627b30,desi,-
pk_da232f402731d76c,sanskrit,उत्तारय्
pk_da3463415a5cfe8b,sanskrit,आरम्भित
pk_da3504b1074ff7dc,desi,-
pk_da3a6f85abbfadaf,sanskrit,निर्व्
pk_da4a739762db9682,sanskrit,एडय्
pk_da4cb9f69d2104a7,desi,-
pk_da736dcf7725b8cc,sanskrit,अनुमित
pk_daac9447bdbc29ed,sanskrit,अशङ्कु
pk_dab6bb6297e5b26c,sanskrit,क्षेमा
pk_dad3e924e432c6cb,sanskrit,काञ्चार
pk_dae9798c51d5b0a4,sanskrit,अवस्तर
pk_dae97cf5fc92e2b2,sanskrit,क्रे
pk_db11d6d407c75892,sanskrit,अग्रेय
pk_db2427addb3f0fd9,sanskrit,उपगूढ
pk_db28cc881f268cdb,sanskrit,निरिजन
pk_db45bdb23fb92fd0,sanskrit,अपवर्ध
pk_db4b1dd9515d98ca,sanskrit,कर्मण
pk_db50aa18f5b825a3,sanskrit,खलिका
pk_db980815f46f3534,sanskrit,कुञ्चिका
pk_dc072f5b2157d423,sanskrit,कुभीडी
pk_dc15033b4fa640c7,sanskrit,अनुस्थान
pk_dc4abfd0c4d41d77,sanskrit,आवर्तना
pk_dc605d9a09ceb434,desi,-
pk_dc706eed9dba288a,desi,-
pk_dcab6a9383304f92,sanskrit,चावय्
pk_dcac2dee21558a43,sanskrit,चक्रुलान्
pk_dcc09a38caf9d406,sanskrit,उपविद्
pk_dcc122b8047516e1,sanskrit,निवय
pk_dcebbbdfed7755c0,desi,-
pk_dcf8310375c21447,sanskrit,कुतिक्क
pk_dd07116427ef9981,sanskrit,कन्ता
pk_dd09b2e3bb800c47,sanskrit,लान
pk_dd3c2b5787adfe1f,sanskrit,कार्णिक
pk_dd3f023129225ec3,sanskrit,निर्वसित
pk_dd4305476d642b9e,sanskrit,कार्ण
pk_dd5b09357186ebc6,sanskrit,चिल्लम्
pk_dd6c9edb75207853,sanskrit,अकायिक
pk_dd91e5d5b8fc100f,sanskrit,नियतन
pk_dd93214853d16773,sanskrit,तेज
pk_dd9dfd0af7f5eddd,sanskrit,नीलाय
pk_dda765bdeee6667e,sanskrit,चर्पोटय्
pk_ddfd87148178c659,sanskrit,जीव
pk_de080dd45f2c9391,desi,-
pk_de3a617c7b8a0b54,sanskrit,अवसारित
pk_de42def00b92ceb0,sanskrit,अपवर्धिन्
pk_de54a22706a372ce,sanskrit,ताडित
pk_dea13265eeed598a,sanskrit,उद्घानित
pk_decb37e10f81d613,sanskrit,निरपटिन्
pk_ded31888e0ef1a1a,sanskrit,उपधुर्
pk_dede57d86aabc2ce,sanskrit,अभेवन्त
pk_dee9bcf7d96ee29d,sanskrit,अवसायन
pk_df077d37c49d585f,sanskrit,अभ्रान्त
pk_df101418f8c98752,sanskrit,चम्प्
pk_df4737b49bb8ec7a,sanskrit,ग्रहिका
pk_df473c6877592d1b,sanskrit,कुमरिका
pk_df597990a6fd1696,desi,-
pk_df621b05498b67ec,sanskrit,आकृ
pk_df624de54658f890,sanskrit,गन्तरिक
pk_df76ec950baa50ba,sanskrit,निर्लापित
pk_df912460317239e7,desi,-
pk_df9ce3e4f385d7aa,desi,-
pk_dfb24b812536d24d,sanskrit,निष्ठित
pk_dfb2950247edf5a1,sanskrit,अन्धरिक
pk_dfdc56ea4b6dfcd6,sanskrit,निर्वर्तक
pk_dfece110704f6522,sanskrit,अतिक्रान्त
pk_dff8247890cda98f,sanskrit,तपन
pk_e00b6257dbf32871,sanskrit,अनुज्ञ
pk_e0169b01e92b726d,sanskrit,उपलेपय्
pk_e059736c5c82daa5,desi,-
pk_e06c559958404d7c,desi,-
pk_e0e706b32938c00f,sanskrit,एव
pk_e0ea55b979d592d7,sanskrit,निर्वस्
pk_e0ef565cc6dfc1fc,sanskrit,केशिन्
pk_e1009cbe612bd25b,sanskrit,कोदन
pk_e1105a822918b1d4,sanskrit,अभिग्रह
pk_e11caca2484a059b,sanskrit,अभ्रुष्ट
pk_e13b1a3164171f1e,sanskrit,अति
pk_e15a8bb97f8bdbba,sanskrit,चयन
pk_e19432649f02fe86,desi,-
pk_e1e3fc4ae59c8a18,desi,-
pk_e1ec1d06ad93fda0,sanskrit,गोत्तिक
pk_e22dd581ffb13189,sanskrit,अमर्ष
pk_e23228f8f142986d,sanskrit,अप
pk_e23d83fc97756523,sanskrit,अपुम
pk_e27e30e604b16fb6,desi,-
pk_e29a108343706957,sanskrit,उपव
pk_e2a4e547e56d3de6,sanskrit,अघ्रा
pk_e2adc9b22080f379,sanskrit,खालितरण
pk_e2b9e702554ef2d0,sanskrit,जीरण
pk_e2ff8f78b1b0603d,desi,-
pk_e3004e965393c556,sanskrit,अभ्युत
pk_e317e599dd75db58,sanskrit,अनुशीत्
pk_e3297281438b1317,sanskrit,तनय
pk_e349e2774a2d195c,sanskrit,कल्पामल्या
pk_e34ec45cedbc6008,desi,-
pk_e34fc9098140d1da,sanskrit,चुर्चन
pk_e350faaa19180ebe,sanskrit,जूरय्
pk_e356af805eb63c1f,sanskrit,अशेष
pk_e37127e549346ebb,sanskrit,कुट्क
pk_e377498b0073cb24,desi,-
pk_e38e7275423d6e37,sanskrit,अभ्रय
pk_e3c3d9a698e6c7be,sanskrit,अवसाय
pk_e3d324e980be3152,sanskrit,अतिञ्चिका
pk_e3d5780ca961328e,sanskrit,आवर्ति
pk_e3df4499ec607ede,sanskrit,उपहालित
pk_e3f67346d03cc2ca,sanskrit,अवनिद्रय
pk_e42ed2594216be15,desi,-
pk_e446fe5d402eab10,sanskrit,ताति
pk_e4a8fcc6aa3ffcba,sanskrit,अवस्तारय्
pk_e4c69d77e73d18ba,sanskrit,अनास्थायित
pk_e50626a7df82df67,sanskrit,उपरम
pk_e509e1b0df5499d0,desi,-
pk_e520f06da3e5fe37,sanskrit,किशेर
pk_e528a98130411049,desi,-
pk_e56661fd843bac95,desi,-
pk_e5674e7dd57b10a3,desi,-
pk_e5ace1b6b1f2a882,sanskrit,इदिरय्
pk_e60b3066565c8cf0,sanskrit,छविद्त
pk_e619ef31702fee26,sanskrit,कोष्ठिका
pk_e6415e4bb34f6fd0,sanskrit,किल्किष्
pk_e646e4f7102a3422,sanskrit,कर्तक
pk_e666a3b13743ed47,sanskrit,कार्पक
pk_e67d1661984dd431,sanskrit,निर्वृत्
pk_e68050567747c2ef,desi,-
pk_e6882645f8ebfc0e,sanskrit,उत्सादित
pk_e6947bc8c53151e7,sanskrit,यूर्
pk_e69ea5bc9342d6d4,sanskrit,अघ्राक
pk_e6bbe21197e6f66a,desi,-
pk_e6c0f8f4a7c92632,sanskrit,निर्धुवर्ध
pk_e6d95e61f3fe8fed,sanskrit,अवगालिक
pk_e712be3d104cb0fe,sanskrit,उत्निप्त
pk_e715b296f74df005,sanskrit,घर्षा
pk_e737494926ecbf1c,sanskrit,अलिना
pk_e75580f6e8df8a85,sanskrit,नर्ज्
pk_e755b8b844bf9754,sanskrit,निरवित
pk_e76a933df46b26f9,desi,-
pk_e77ee3288d39b103,sanskrit,कविका
pk_e785cdc44e5407d4,sanskrit,अभिबुष्ठित
pk_e79e4f179cc37792,sanskrit,उद्भ्राष्
pk_e7c26708a6cd9768,sanskrit,अच्छादिन्
pk_e7c38ffc0a3a7581,sanskrit,स्पृष्ण
pk_e7e83f1efc22901a,desi,-
pk_e804047a76024dcd,sanskrit,अतु
pk_e806bffe92b151b0,sanskrit,चकिका
pk_e80e22f471ed525a,sanskrit,निष्पि
pk_e82b240c6182a7e5,sanskrit,उत्स्त
pk_e849fc196a682fa7,sanskrit,ताटी
pk_e84d14b7753903ae,sanskrit,कलीन
pk_e85a10fb06412ef1,sanskrit,अजन
pk_e87fcd22c3e8f84f,sanskrit,निविह्
pk_e89c10760da710be,sanskrit,चण्डा
pk_e89f6a886214c60c,sanskrit,निर्वह्
pk_e8a0c0af1a83b67e,sanskrit,कुन्
pk_e8a365b61a870ce5,sanskrit,क्षिप्र
pk_e8a6c803ae1b384f,desi,-
pk_e8c894cc0c4542eb,sanskrit,अपत
pk_e8d50d681725b40d,sanskrit,निर्वृत्
pk_e8ebad463a04c702,sanskrit,घासय्
pk_e9007442f61a9938,sanskrit,आगेद्
pk_e932652035296589,sanskrit,अक्षुभ्
pk_e948eba2dfe39d49,sanskrit,आवस्
pk_e999417f6357e57c,sanskrit,अशुङ्कित
pk_e9a08674790b90a2,sanskrit,उपवर्तन
pk_ea011366943d074e,sanskrit,जीरोष
pk_ea1e32f24c87413f,sanskrit,इष्ण
pk_ea3702500c655c25,desi,-
pk_ea3ab1fae8b1a3bf,sanskrit,जित
pk_ea478bff777d30ba,sanskrit,कृत्तित
pk_ea7bf530cfe808c4,desi,-
pk_eaa394b0cda8128f,sanskrit,कुटिन्
pk_eac26e598fe83e2c,sanskrit,अन्यसित
pk_eac8749c8e0e3c7c,sanskrit,चोक्षा
pk_eacaac7dea726d43,sanskrit,एक
pk_eacdff7717d2ade9,sanskrit,आवस्य
pk_eaefedb42ffaec2d,sanskrit,अपजात
pk_eb001acb320080f9,desi,-
pk_eb115d6c896218bd,sanskrit,उपलेपित
pk_eb1e1e85df39d030,desi,-
pk_eb28a318e5abd5cc,sanskrit,निर्वेधिका
pk_eb2fea6846011988,sanskrit,गण्ठित
pk_eb4f2dc9276aee7b,sanskrit,कृत्ति
pk_eb70335c589036e1,sanskrit,अज्ञानी
pk_eb76ca24a1fe4acb,sanskrit,अतिराचि
pk_eb84e0025bde1afb,sanskrit,आवृष्ट
pk_eb9db0ebbba8dacc,sanskrit,निर्वूढ
pk_ebce73f9bb48975f,desi,-
pk_ebd1ba6a8061fdc1,sanskrit,योपनिका
pk_ebe0f9693116420a,sanskrit,क्षित
pk_ec0cc91e8151c9ed,desi,-
pk_ec10f7fc2cb55ef0,sanskrit,अभिब्धित
pk_ec301e8bd18223fc,desi,-
pk_ec4e1e2b8eb57565,sanskrit,अभिषावित
pk_ec50dcf2f4e12ab1,sanskrit,युक्ति
pk_ec563f58ddb2bb38,sanskrit,क्षय
pk_ec59006f238406c9,sanskrit,निष्ठित
pk_ec59048f78c46051,sanskrit,किन्धिका
pk_ec5ad73bc77d4091,sanskrit,कर्म
pk_ec5f6116019646fe,sanskrit,कन्दिक
pk_ec6cea5d124bc8a3,sanskrit,अग्र
pk_ec8f43194fbc0377,sanskrit,नीराधन
pk_ecb2772c7059edee,sanskrit,जित
pk_ece3050890403261,sanskrit,असेना
pk_ecee9fe0d3489698,sanskrit,गोण
pk_ecf2d23b9ad30e17,sanskrit,आरम्भ
pk_ecfeec2345c0694a,sanskrit,चवचाला
pk_ecff0481857aba49,desi,-
pk_ed06936badac1bd9,sanskrit,कोटिनीय
pk_ed1725b16f945477,sanskrit,अभिवादित
pk_ed26902863482c0a,sanskrit,काटिक
pk_ed3187abad95e7ea,sanskrit,चूर्णक
pk_ed336eb0f0b34c49,desi,-
pk_ed413b369e09c969,sanskrit,कमित
pk_ed5fa256292c6c24,sanskrit,तेज
pk_ed751af917ed405b,sanskrit,अश
pk_eda7b4664ad7679b,sanskrit,केश
pk_eddbf95050685455,sanskrit,छेपन
pk_edf574f213d715f1,sanskrit,जृह्
pk_ee0dcc015a58fb81,sanskrit,इन्द्र
pk_ee1a790f17eef405,desi,-
pk_ee207ca27df4f404,sanskrit,कुमिन्
pk_ee3e07c50687bfff,desi,-
pk_ee5337dcbdc1eaf3,sanskrit,अभ्युत
pk_ee576c3ede24fc1d,sanskrit,कुण्डक
pk_ee8be5cb2c384c77,desi,-
pk_eeaa00066ade5169,sanskrit,अन्योत्स्न
pk_eebd910a337429d5,sanskrit,निगमन
pk_ef4c3c04513592d6,sanskrit,ग्रेह
pk_ef5f87b1af715cbe,sanskrit,नवीन
pk_ef9078e3dd754188,sanskrit,अभिर्मोद्रिक
pk_ef91963f30b0fab0,sanskrit,उत्सादय्
pk_ef9dd2b57e2792c1,sanskrit,अकाय
pk_efc193cae85f9ba7,sanskrit,उपल्लिप्
pk_efff8d980bdc3802,sanskrit,केशर
pk_f0008dd5ec22a0ae,sanskrit,चोर्य
pk_f02988232805ab67,sanskrit,एज्
pk_f040145341cf0625,sanskrit,चर्मन
pk_f0427ad03012d2ae,sanskrit,अकङ्क
pk_f044a115baac4f39,desi,-
pk_f05cfc62aba772e2,desi,-
pk_f06a3504d3fdc514,desi,-
pk_f0873922a4fabb89,sanskrit,अतिद्
pk_f0a5a4a7b457228c,sanskrit,उत्तार
pk_f0a8ef8c44900e54,desi,-
pk_f0b9f597675ab0ea,sanskrit,आकोर
pk_f0c4a1bdebb87e79,sanskrit,कोलानक
pk_f0c89602e63e6b8b,sanskrit,तिवर्जन
pk_f0d410769e746308,desi,-
pk_f0d49a8d19016fa0,sanskrit,तिमिष
pk_f0d60658dcdce471,sanskrit,निर्वाहित
pk_f0f2d980639686b8,sanskrit,अपवृत
pk_f0f8c7a0e79a472a,sanskrit,अर्ण्
pk_f10b1afeb29bf8b1,sanskrit,निर्घातिन्
pk_f12a51daad87c449,sanskrit,निवृत्ति
pk_f160645ff0a0e71e,sanskrit,आचर
pk_f196d701357e8395,sanskrit,त्रिका
pk_f1a19416977f0c92,sanskrit,खङ्भ
pk_f1a1dd1f452b9807,desi,-
pk_f1b1c29cb7d4925d,desi,-
pk_f1c655f3f4d162f7,sanskrit,अयोग
pk_f1db39b2ca8fab90,sanskrit,उष्टित
pk_f1ec1cebc6f4eabc,sanskrit,असद्भण
pk_f206af61ff3d93dd,sanskrit,नुक्त
pk_f20d47bd9505c9de,sanskrit,आवृष्ट
pk_f22c74456c87fa04,desi,-
pk_f2301286e4802dc3,desi,-
pk_f23c8e9b7a5559c5,sanskrit,गविष्ट
pk_f24d0fabb030a409,sanskrit,तुडित
pk_f2810ae470a0736f,sanskrit,आहारिक
pk_f2894fce453a55e2,sanskrit,अवस्थ
pk_f28c426856b5b2cb,sanskrit,यग्रह
pk_f28d15e1666a6332,sanskrit,त्रिस्त
pk_f2d15fc061bc03b8,sanskrit,असहक
pk_f302cdc8e42c4a82,sanskrit,घर्षण
pk_f302ff8963b76dfc,sanskrit,निह्
pk_f30523f0b3b16d1b,sanskrit,क्षेपकार
pk_f313b3feca100f9e,sanskrit,स्था
pk_f3295bdfcdefb44e,desi,-
pk_f3498debdc29184c,sanskrit,खालम्भन
pk_f3818afc2381f1ee,sanskrit,इन्दुर
pk_f3afaeade421f1a5,sanskrit,अभ्राधक
pk_f3c5fed269b187e5,sanskrit,आप्राहिक
pk_f3c7815d9600204c,desi,-
pk_f3c8c526c26f8da5,sanskrit,तालय्
pk_f3f4864e14143140,desi,-
pk_f3f75adb137973fa,sanskrit,घर्षणार
pk_f41bdc043b4d9511,sanskrit,निष्ठेपय्
pk_f42412aeb5fac911,sanskrit,तथ
pk_f42891e87051d14e,sanskrit,त्प्रेक्षितृ
pk_f4395eb2d37f76ec,sanskrit,अन्येषित
pk_f45fd8a8484634f9,sanskrit,चीरव
pk_f465d84ee4e05921,sanskrit,त्रि
pk_f46a87c09fee9c00,sanskrit,त्रेशक
pk_f492bc1b09a0e600,sanskrit,छिद्य
pk_f496dc7904c27be8,desi,-
pk_f4a80fb8230b263a,sanskrit,निवृत्त
pk_f4b3fcf80e6f5fae,sanskrit,क्षापित
pk_f4b4ac3d34f34f49,sanskrit,कुरुक्कर
pk_f4e22fad6be702c5,sanskrit,कवलम्ब
pk_f52cf7eefed443c2,sanskrit,अरण्य
pk_f52d5bf73e6a191e,sanskrit,चिञ्चित
pk_f539ea9a907e7fb8,sanskrit,तामङ्गीर
pk_f55d5051ef87741e,sanskrit,निर्विष्ट
pk_f5655d3ca761b662,sanskrit,उपलेप्
pk_f569763414b56c3a,desi,-
pk_f57ca29da489dd4c,sanskrit,आयाग्न
pk_f5cbe19dbcb80bad,sanskrit,कश
pk_f5cc1ba5df33ffe3,desi,-
pk_f5ccb193ac198908,desi,-
pk_f620c0c96b633d1e,sanskrit,उद
pk_f63e8b4fdd75bad4,sanskrit,अनेत
pk_f640d14f927b71d4,sanskrit,उपल्लना
pk_f6448fd3fe0d8e95,sanskrit,निहात
pk_f651789e23715f70,sanskrit,गर्जित
pk_f65b14ee4baace5e,sanskrit,निषेवण
pk_f67748d39680c510,sanskrit,कुह
pk_f679967ab8e4951b,sanskrit,ज्यामुष
pk_f687c4116ca84315,sanskrit,आग्रिक
pk_f68ffc2c46229723,sanskrit,किन्ति
pk_f6902522e164682f,desi,-
pk_f69245769655d4d4,sanskrit,अध्यापक
pk_f6964774c88e8797,sanskrit,अवजीव
pk_f69885deb03fd94b,sanskrit,अर्णात
pk_f69fd20aec970500,sanskrit,डर
pk_f6a1014f58977ebf,sanskrit,उपल्लेपितृ
pk_f6cb4ad5894a943e,desi,-
pk_f6d1e52e00635ed2,sanskrit,अबुध्
pk_f6d581884aee3f17,sanskrit,अधिसागम
pk_f6ecf4c7a101487a,desi,-
pk_f6f1886464a4f80b,sanskrit,उपल्लेक्षिका
pk_f6f9a9d80b705369,sanskrit,निरुप
pk_f7413bad7e16ee6b,sanskrit,गर्जित
pk_f75a662e591add7a,sanskrit,अगायक
pk_f7620e2106cd0ee6,sanskrit,कुपालिन्
pk_f7660d3f116399c6,sanskrit,कृष्ट
pk_f77f1b01a55be206,sanskrit,उपचित
pk_f7874bdc82ca3796,sanskrit,अभ्यक
pk_f7a4ff327c8c7753,desi,-
pk_f7b25eb1696c7080,sanskrit,अहे
pk_f7bc1e2888bbec74,desi,-
pk_f7cd25a97a7c648c,sanskrit,निष्का
pk_f82a531aeae6249b,sanskrit,निःशाविन्
pk_f82a92060fa06dec,sanskrit,एषक
pk_f82d5c3f209cb4f5,desi,-
pk_f83d99ef19c95916,sanskrit,गृहित
pk_f85671ecbb4b8b5c,sanskrit,त्रिप्त
pk_f8672d3ce2e469fe,sanskrit,किर्किन्
pk_f869c91bab589878,sanskrit,कशन
pk_f8a59da5ade73c37,sanskrit,आलक
pk_f8bcb7a39868b862,desi,-
pk_f8c7bffd771531b8,sanskrit,कुञ्चित
pk_f8fa5bf4885ce609,sanskrit,अयुञ्ज
pk_f8fb8c3c731578cd,sanskrit,क्षोशित
pk_f9017205064ef3f1,desi,-
pk_f906be94d9e72de2,desi,-
pk_f930dd9ca1580bee,sanskrit,घरट
pk_f9310645d63a4daf,sanskrit,आवासित
pk_f9527ff60cf8a95b,sanskrit,निर्वृतित
pk_f9a5b9645047d5f2,desi,-
pk_f9d674214cd69037,sanskrit,निर्वग्राह
pk_f9f0d5347e531ffa,sanskrit,निर्वाणी
pk_f9fbaac1f4ff9d9e,sanskrit,तैलिक
pk_fa67024bb0dba740,sanskrit,निर्वाद
pk_fa70447c36858f91,sanskrit,अनुभ्रमा
pk_fab6895a95fbccfc,sanskrit,कुष्
pk_facfbce2b833ea69,sanskrit,निर्विन्
pk_fad76d8c4dc51664,sanskrit,आवत्
pk_fae88e1638397297,sanskrit,अन्याय
pk_fb2f359efd0a214c,sanskrit,अभ्युगत
pk_fb56e5b4d663908a,sanskrit,आभिग्रहित
pk_fb715078d6a90113,sanskrit,कुटाट
pk_fb8da7629273d78f,sanskrit,निकविन्
pk_fb98862407e3224f,sanskrit,स्थार
pk_fbbdb1edd1b659b9,sanskrit,उपगूढ
pk_fbc017164b7110fb,sanskrit,तादित
pk_fbde25fd61a14684,sanskrit,किञ्चना
pk_fbdeb4759ecb0937,sanskrit,एतस्
pk_fbe12f8e69c78d66,sanskrit,नालयन
pk_fc2563d005b87e55,sanskrit,अवदिक
pk_fc30cff6cdf97095,sanskrit,अवलुग्न
pk_fc4356aa7f668c84,sanskrit,आलविका
pk_fc4539110257f5af,sanskrit,चलनी
pk_fc521e9e79f4409e,sanskrit,आश्वास
pk_fc6a66e8ff68ecb1,desi,-
pk_fc6a906ff42ce30b,sanskrit,अन्तरिमा
pk_fc98c130869a6cef,sanskrit,अवलानी
pk_fca7c1084eb87786,sanskrit,गण्ठि
pk_fca8f3093dda9906,sanskrit,गर्जर
pk_fcad01b50dfd2981,sanskrit,अविरोधित
pk_fcc307a548e83a60,sanskrit,उपेक्षक
pk_fcd9b24afcdaec91,sanskrit,इम्
pk_fcd9e12a7f2fc0dd,sanskrit,क्षेमर
pk_fcef4cd846dc0fcf,sanskrit,अरम
pk_fcf22552c8a1590d,sanskrit,चित
pk_fcfed4a48cb77a94,sanskrit,क्षिप्त
pk_fd0275131c425357,sanskrit,खटह
pk_fd05ec8d15fac885,desi,-
pk_fd248f1ffccab5c9,desi,-
pk_fd36c1ca8bbe1f35,sanskrit,कपीक
pk_fd6fe9928c746d1d,sanskrit,कूला
pk_fd9cd892654734dc,sanskrit,चित्र
pk_fdb4ad6af381a758,sanskrit,अरि
pk_fdc19b15b12ee778,sanskrit,अग्राह
pk_fdc8c771af018c45,sanskrit,गोगना
pk_fddf1ddc85bd2f82,sanskrit,अशंस
pk_fde1cca8d94ba361,desi,-
pk_fdebd66a94656b62,sanskrit,अन्दरिम
pk_fe07a93359861a5c,sanskrit,आलीन
pk_fe3d3b86fdc346b3,sanskrit,अनात्र
pk_fe498707873b3fc9,sanskrit,आली
pk_fe7959158030a918,sanskrit,अज्ञानी
pk_fe84e4f8a36ba59a,sanskrit,कित्रा
pk_fe8e3d3791f739f7,sanskrit,निर्वृत
pk_fe924a9964f16534,sanskrit,उन्मत्र
pk_fe9c9d3af95bda35,sanskrit,अवलूही
pk_feb31253a64251c2,sanskrit,अभिस्त
pk_feba5810dade965e,desi,-
pk_fecfb7782d138e38,sanskrit,अजुत
pk_fedef520a194dbfc,sanskrit,कर्दना
pk_ff37a7e99fe0f90c,sanskrit,ऊन्न
pk_ff8744291a7a5ba8,sanskrit,दुल्
pk_ff945fb3ce32eb1b,desi,-
pk_ff95f62833288803,sanskrit,कन्दल
pk_ffcb9a9c16f55577,sanskrit,निवृत्त
pk_fff1d6aa78d402bc,sanskrit,कुलूल
pk_fffa9b1a887b7848,sanskrit,अभटम्
pk_fffab4dd1120f73c,sanskrit,अग्र
